number;name;subsystem;basin;hydro plants downstream;hydro_plant_operating; run-of-river hydro plants;historical_inflow;max_generation;production_factor;maximum turbined outflow;minimum outflow;forced_indisponibility;programmer_indisponibility;min_volume;max_volume;COTA_MINIMO;COTA_MAXIMO;COTA_MINIMO_OPERACIONAL;COTA_MAXIMO_OPERACIONAL;CANAL_FUGA_MEDIO;initial_volume;POLI_COTA_VOLUME_0;POLI_COTA_VOLUME_1;POLI_COTA_VOLUME_2;POLI_COTA_VOLUME_3;POLI_COTA_VOLUME_4;POLI_COTA_AREA_0;POLI_COTA_AREA_1;POLI_COTA_AREA_2;POLI_COTA_AREA_3;POLI_COTA_AREA_4;EVAPORACAO_01;EVAPORACAO_02;EVAPORACAO_03;EVAPORACAO_04;EVAPORACAO_05;EVAPORACAO_06;EVAPORACAO_07;EVAPORACAO_08;EVAPORACAO_09;EVAPORACAO_10;EVAPORACAO_11;EVAPORACAO_12;POLI_JUSANTE_1_HREF;POLI_JUSANTE_1_COEF_0;POLI_JUSANTE_1_COEF_1;POLI_JUSANTE_1_COEF_2;POLI_JUSANTE_1_COEF_3;POLI_JUSANTE_1_COEF_4;POLI_JUSANTE_2_HREF;POLI_JUSANTE_2_COEF_0;POLI_JUSANTE_2_COEF_1;POLI_JUSANTE_2_COEF_2;POLI_JUSANTE_2_COEF_3;POLI_JUSANTE_2_COEF_4;POLI_JUSANTE_3_HREF;POLI_JUSANTE_3_COEF_0;POLI_JUSANTE_3_COEF_1;POLI_JUSANTE_3_COEF_2;POLI_JUSANTE_3_COEF_3;POLI_JUSANTE_3_COEF_4;POLI_JUSANTE_4_HREF;POLI_JUSANTE_4_COEF_0;POLI_JUSANTE_4_COEF_1;POLI_JUSANTE_4_COEF_2;POLI_JUSANTE_4_COEF_3;POLI_JUSANTE_4_COEF_4;POLI_JUSANTE_5_HREF;POLI_JUSANTE_5_COEF_0;POLI_JUSANTE_5_COEF_1;POLI_JUSANTE_5_COEF_2;POLI_JUSANTE_5_COEF_3;POLI_JUSANTE_5_COEF_4;POLI_JUSANTE_6_HREF;POLI_JUSANTE_6_COEF_0;POLI_JUSANTE_6_COEF_1;POLI_JUSANTE_6_COEF_2;POLI_JUSANTE_6_COEF_3;POLI_JUSANTE_6_COEF_4;CONJUNTO_1_NUM_MAQUINAS;CONJUNTO_1_POTENCIA_REF;CONJUNTO_1_VAZAO_REF;CONJUNTO_1_QUEDA_REF;CONJUNTO_1_TIPO_TURBINA;CONJUNTO_2_NUM_MAQUINAS;CONJUNTO_2_POTENCIA_REF;CONJUNTO_2_VAZAO_REF;CONJUNTO_2_QUEDA_REF;CONJUNTO_2_TIPO_TURBINA;CONJUNTO_3_NUM_MAQUINAS;CONJUNTO_3_POTENCIA_REF;CONJUNTO_3_VAZAO_REF;CONJUNTO_3_QUEDA_REF;CONJUNTO_3_TIPO_TURBINA;CONJUNTO_4_NUM_MAQUINAS;CONJUNTO_4_POTENCIA_REF;CONJUNTO_4_VAZAO_REF;CONJUNTO_4_QUEDA_REF;CONJUNTO_4_TIPO_TURBINA;CONJUNTO_5_NUM_MAQUINAS;CONJUNTO_5_POTENCIA_REF;CONJUNTO_5_VAZAO_REF;CONJUNTO_5_QUEDA_REF;CONJUNTO_5_TIPO_TURBINA
1;FUNIL-GRANDE;1;11;67;1;1;1;180;0.008829;585;48;0.564;5.281;304;304;808;808;808;808;768;0;808;0;0;0;0;37.71;0;0;0;0;6;6;31;42;48;47;33;29;33;22;10;14;0;768;0;0;0;0;0;0;0;0;0;0;0;0;0;0;0;0;0;0;0;0;0;0;0;0;0;0;0;0;0;0;0;0;0;0;3;60;195;34.9;2;0;0;0;0;0;0;0;0;0;0;0;0;0;0;0;0;0;0;0;0
2;BATALHA     ;1;13;3;1;0;2;52.5;0.009025;154;9;4.079;7.879;430.05;1781.61;785;800;785;800;755.84;20.82;775.046;0.0263973;-1.06E-05;1.99E-09;0;-4577.07;5.89401;-4.65E-09;-6.03E-13;0;0;15;23;42;66;52;91;108;94;44;3;15;0;754;0.0136;-1.18E-05;5.98E-09;-1.14E-12;0;0;0;0;0;0;0;0;0;0;0;0;0;0;0;0;0;0;0;0;0;0;0;0;0;0;0;0;0;0;2;26.25;77;37.7;2;0;0;0;0;0;0;0;0;0;0;0;0;0;0;0;0;0;0;0;0
3;SERRA FACAO ;1;13;79;1;0;3;212.58;0.008927;324;15;3.189;3.796;1752;5199;732.5;756;732.5;756;675.81;35;682.604;0.0487297;-1.59E-05;2.67E-09;-1.71E-13;-817618;3330.02;-4.5262;0.00205337;0;6;8;20;35;55;57;57;59;52;24;16;31;0;673.931;0.00865979;-1.05E-05;7.66E-09;-2.07E-12;0;0;0;0;0;0;0;0;0;0;0;0;0;0;0;0;0;0;0;0;0;0;0;0;0;0;0;0;0;0;2;106.29;162;73.66;1;0;0;0;0;0;0;0;0;0;0;0;0;0;0;0;0;0;0;0;0
4;CAPIM BRANC1;1;13;5;1;0;4;240;0.008829;495;42;0.265;2.053;228.27;241.13;623.3;624;623.3;624;565;42.93;594.02;0.35164;-0.0021575;7.36E-06;-9.60E-09;-3.58E+06;23536.8;-57.9351;0.0633577;-2.60E-05;2;0;18;38;51;51;48;46;45;18;6;25;0;564.637;0.00555158;-1.85E-06;3.25E-10;-2.09E-14;0;0;0;0;0;0;0;0;0;0;0;0;0;0;0;0;0;0;0;0;0;0;0;0;0;0;0;0;0;0;3;80;165;55;1;0;0;0;0;0;0;0;0;0;0;0;0;0;0;0;0;0;0;0;0
5;CAPIM BRANC2;1;13;83;1;1;5;210;0.008829;537;42;0.685;3.695;878;879;564.99;565;564.99;565;518.4;0;527.36;0.11044;-0.00018921;1.93E-07;-7.45E-11;1.07E+06;-7786.4;21.2496;-0.0257745;1.17E-05;2;0;18;40;55;56;53;49;50;19;4;23;0;517.2;0.0045396;-2.47E-06;1.06E-09;-1.87E-13;0;0;0;0;0;0;0;0;0;0;0;0;0;0;0;0;0;0;0;0;0;0;0;0;0;0;0;0;0;0;3;70;179;44.4;1;0;0;0;0;0;0;0;0;0;0;0;0;0;0;0;0;0;0;0;0
6;CORUMBA IV  ;1;13;18;1;0;6;127;0.009123;208;22;1.42;3.864;2936.6;3708;837;842.6;837;842.6;771.2;23.1;789.333;0.0396662;-1.50E-05;3.07E-09;-2.37E-13;-243684;931.451;-1.18791;0.0005055;0;19;8;19;32;56;64;73;84;86;53;13;44;0;769.387;0.0147315;-1.02E-05;3.78E-09;-5.26E-13;0;0;0;0;0;0;0;0;0;0;0;0;0;0;0;0;0;0;0;0;0;0;0;0;0;0;0;0;0;0;2;63.5;104;66.76;1;0;0;0;0;0;0;0;0;0;0;0;0;0;0;0;0;0;0;0;0
7;PIRAJU      ;1;6;98;1;1;7;80;0.008829;362;56;0.72;2.894;84;84;531.5;531.5;531.5;531.5;505;0;531.5;0;0;0;0;12.75;0;0;0;0;30;23;44;64;73;61;46;40;38;16;4;39;0;503.81;0.00641913;-5.36E-06;2.69E-09;-5.06E-13;0;0;0;0;0;0;0;0;0;0;0;0;0;0;0;0;0;0;0;0;0;0;0;0;0;0;0;0;0;0;2;40;181;25;2;0;0;0;0;0;0;0;0;0;0;0;0;0;0;0;0;0;0;0;0
8;ITAIPU      ;1;5;-1;1;1;8;14000;0.009025;13260;2839;2.781;5.67;27695.2;29403.9;219;220.3;219;220.3;103.74;0;164.049;0.00480674;-1.89E-07;4.21E-12;-3.77E-17;241048;-4957.82;38.5072;-0.134114;0.000177295;14;32;51;57;60;49;30;26;13;-20;-33;-20;0;89.5808;0.00146655;-2.22E-08;2.31E-13;-9.10E-19;0;0;0;0;0;0;0;0;0;0;0;0;0;0;0;0;0;0;0;0;0;0;0;0;0;0;0;0;0;0;10;700;663;117;1;10;700;663;117;1;0;0;0;0;0;0;0;0;0;0;0;0;0;0;0
9;HENRY BORDEN;1;7;-1;1;1;9;889;0.007946;152;0;3.762;11.448;1;1;728.75;728.75;728.75;728.75;11.5;0;728.75;0;0;0;0;1;0;0;0;0;0;0;0;0;0;0;0;0;0;0;0;0;0;11.5;0;0;0;0;0;0;0;0;0;0;0;0;0;0;0;0;0;0;0;0;0;0;0;0;0;0;0;0;0;0;0;0;0;0;1;40;7;711.5;3;1;36;6;711.5;3;5;65;11;711.5;3;1;68;12;711.5;3;6;70;12;711.5;3
10;NILO PECANHA;1;10;52;1;1;10;380.03;0.008535;144;0;0.421;7.267;38;38;399;399;399;399;86.9;0;399;0;0;0;0;1;0;0;0;0;0;0;0;0;0;0;0;0;0;0;0;0;0;86.9;0;0;0;0;0;0;0;0;0;0;0;0;0;0;0;0;0;0;0;0;0;0;0;0;0;0;0;0;0;0;0;0;0;0;2;47.615;18;309.2;1;4;71.2;27;309.2;1;0;0;0;0;0;0;0;0;0;0;0;0;0;0;0
11;FONTES      ;1;10;52;1;1;11;131.988;0.00834;51;0;3.581;4.407;445.35;445.35;415;415;415;415;90.3;0;415;0;0;0;0;1;0;0;0;0;0;0;0;0;0;0;0;0;0;0;0;0;0;90.3;0;0;0;0;0;0;0;0;0;0;0;0;0;0;0;0;0;0;0;0;0;0;0;0;0;0;0;0;0;0;0;0;0;0;1;43.996;17;303.3;1;2;43.996;17;303.3;1;0;0;0;0;0;0;0;0;0;0;0;0;0;0;0
12;BAGUARI     ;1;12;57;1;1;12;140;0.009221;872;116;6.793;2.314;31.42;38.07;184.5;185;184.5;185;167;0;180.446;0.173482;-0.00141451;0;0;-613.95;3.39521;-1.27E-07;0;0;-11;5;37;57;76;71;72;42;31;21;11;-1;0;164.995;0.00207961;-2.61E-07;2.16E-11;-6.73E-16;0;0;0;0;0;0;0;0;0;0;0;0;0;0;0;0;0;0;0;0;0;0;0;0;0;0;0;0;0;0;4;35;218;17.4;2;0;0;0;0;0;0;0;0;0;0;0;0;0;0;0;0;0;0;0;0
13;RETIRO BAIXO;1;15;14;1;0;13;83.657;0.008755;262;15;0.982;5.343;200.72;241.59;614;616;614;616;577;12.76;591.535;0.164251;-0.000260711;0;0;-723789;2350.04;-1.9075;0;0;-21;-14;9;30;45;49;69;83;60;30;1;-12;0;577;0.00687719;-2.10E-06;3.63E-10;-2.36E-14;0;0;0;0;0;0;0;0;0;0;0;0;0;0;0;0;0;0;0;0;0;0;0;0;0;0;0;0;0;0;1;41.803;131;36.54;2;1;41.854;131;36.54;2;0;0;0;0;0;0;0;0;0;0;0;0;0;0;0
14;TRES MARIAS ;1;15;137;1;0;14;396;0.008564;924;48;2.583;17.09;4250;19528;549.2;572.5;549.2;572.5;515.7;7.78;530.332;0.00607596;-4.84E-07;2.20E-11;-3.85E-16;1.21E+07;-89343.7;247.989;-0.306089;0.000141775;-1;-2;28;47;61;61;58;49;49;35;21;22;0;514.656;0.00160686;-2.55E-07;2.89E-11;-1.18E-15;0;0;0;0;0;0;0;0;0;0;0;0;0;0;0;0;0;0;0;0;0;0;0;0;0;0;0;0;0;0;6;66;154;50.2;2;0;0;0;0;0;0;0;0;0;0;0;0;0;0;0;0;0;0;0;0
15;QUEIMADO    ;1;15;137;1;0;15;105;0.008829;72;9;14.65;9.02;95.25;557;811;829;811;829;637.5;30.75;801.789;0.114233;-0.000197701;1.44E-07;-2.49E-17;-7.22E+06;26548.2;-32.5292;0.0132864;0;21;4;21;33;59;70;77;79;80;51;17;51;0;636.2;0.03073;-0.00015531;5.08E-07;-6.10E-10;0;0;0;0;0;0;0;0;0;0;0;0;0;0;0;0;0;0;0;0;0;0;0;0;0;0;0;0;0;0;3;35;24;168.1;1;0;0;0;0;0;0;0;0;0;0;0;0;0;0;0;0;0;0;0;0
16;JAURU       ;1;9;-1;1;1;16;118;0.00899;127;55;0.177;9.827;16.17;17.15;354.7;355;354.7;355;248.86;0;349.74;0.3067;0;0;0;-90.0009;0.259597;0;0;0;17;11;27;26;34;46;43;54;27;12;7;26;0;248.44;-0.00891667;0.000180833;-8.33E-07;1.27E-09;0;0;0;0;0;0;0;0;0;0;0;0;0;0;0;0;0;0;0;0;0;0;0;0;0;0;0;0;0;0;2;39.3;42;102.86;1;1;39.4;43;102.86;1;0;0;0;0;0;0;0;0;0;0;0;0;0;0;0
17;GUAPORE     ;1;21;34;1;1;17;120;0.008437;84;26;1.347;1.83;21;21;479.2;479.2;479.2;479.2;304.8;0;479.2;0;0;0;0;4.1;0;0;0;0;16;5;16;18;28;36;39;43;32;11;7;20;0;302.153;0.0749012;-0.000465761;1.48E-06;-1.76E-09;0;0;0;0;0;0;0;0;0;0;0;0;0;0;0;0;0;0;0;0;0;0;0;0;0;0;0;0;0;0;3;40;28;166.8;1;0;0;0;0;0;0;0;0;0;0;0;0;0;0;0;0;0;0;0;0
18;CORUMBA III ;1;13;82;1;0;18;96.447;0.009086;278;27;0.7;2.828;709;972;768;772;768;772;729.7;10.07;749.674;0.0203488;4.57E-05;-7.84E-08;3.52E-11;41799;-111.95;0.075;0;0;12;11;19;32;57;63;68;72;72;42;21;37;0;727.913;0.017472;-3.48E-05;3.96E-08;-1.64E-11;0;0;0;0;0;0;0;0;0;0;0;0;0;0;0;0;0;0;0;0;0;0;0;0;0;0;0;0;0;0;1;47.804;138;38.2;1;1;48.643;140;38.2;1;0;0;0;0;0;0;0;0;0;0;0;0;0;0;0
19;SLT APIACAS ;1;19;-1;0;1;19;45;0.008662;204;3;2.333;6.861;2.08;2.08;247.5;247.5;247.5;247.5;221;0;247.5;0;0;0;0;0.75;0;0;0;0;24;2;8;4;18;31;36;54;40;31;40;49;0;221;0;0;0;0;0;0;0;0;0;0;0;0;0;0;0;0;0;0;0;0;0;0;0;0;0;0;0;0;0;0;0;0;0;0;3;15;68;25.61;2;0;0;0;0;0;0;0;0;0;0;0;0;0;0;0;0;0;0;0;0
20;SINOP       ;1;19;21;0;0;20;399.999;0.009074;1800;267;2.533;8.091;1012.4;3071.2;292;302;292;302;273.3;0;281.808;0.0129467;-3.37E-06;5.32E-10;-3.66E-14;-3.94E+08;5.27E+06;-26477.1;59.0849;-0.0494359;26;21;25;2;4;25;32;45;56;23;22;41;0;271.967;0.000920847;2.38E-07;-7.12E-11;5.31E-15;0;0;0;0;0;0;0;0;0;0;0;0;0;0;0;0;0;0;0;0;0;0;0;0;0;0;0;0;0;0;3;133.333;600;24.5;2;0;0;0;0;0;0;0;0;0;0;0;0;0;0;0;0;0;0;0;0
21;COLIDER     ;1;19;22;0;1;21;300;0.008829;1581;292;2.533;8.091;1525;1525;272;272;272;272;248.22;0;254.592;0.0245419;-1.85E-05;9.95E-09;-2.26E-12;2.17E+07;-330311;1889.29;-4.80212;0.00457672;24;6;11;11;34;42;43;62;48;30;34;44;0;244.848;0.00351272;-6.25E-07;8.82E-11;-4.80E-15;0;0;0;0;0;0;0;0;0;0;0;0;0;0;0;0;0;0;0;0;0;0;0;0;0;0;0;0;0;0;3;100;527;21.51;2;0;0;0;0;0;0;0;0;0;0;0;0;0;0;0;0;0;0;0;0
22;TELES PIRES ;1;19;23;1;1;22;1820;0.009035;3860;313;2.917;12.122;897.22;897.22;220;220;220;220;164.46;0;196.337;0.108697;-0.000246831;2.67E-07;-1.05E-10;3.04E+06;-58759.9;426.232;-1.3745;0.0016627;40;35;44;6;6;9;15;30;39;6;40;57;0;160.741;0.00112149;7.13E-10;-2.16E-12;6.56E-17;0;0;0;0;0;0;0;0;0;0;0;0;0;0;0;0;0;0;0;0;0;0;0;0;0;0;0;0;0;0;5;364;772;52.2;1;0;0;0;0;0;0;0;0;0;0;0;0;0;0;0;0;0;0;0;0
23;SAO MANOEL  ;1;19;-1;0;1;23;700;0.009104;3805;316;2.533;8.091;577.22;577.22;161;161;161;161;136.88;0;143.787;0.0694337;-0.000149384;2.05E-07;-1.14E-10;2.37E+06;-60871.9;585.126;-2.49929;0.00400277;43;52;71;-10;-11;-3;7;23;33;7;41;58;0;131.957;0.00188224;-9.01E-08;5.69E-12;-1.45E-16;0;0;0;0;0;0;0;0;0;0;0;0;0;0;0;0;0;0;0;0;0;0;0;0;0;0;0;0;0;0;5;140;761;20.2;2;0;0;0;0;0;0;0;0;0;0;0;0;0;0;0;0;0;0;0;0
24;SLT VERDINHO;1;13;93;1;1;24;93;0.009025;254;92;0.31;3.84;264.48;264.48;370.5;370.5;370.5;370.5;328.73;0;370.5;0;0;0;0;36.55;0;0;0;0;14;14;27;46;65;67;63;64;65;23;9;30;0;326.996;0.00940982;-1.35E-05;1.20E-08;-3.94E-12;0;0;0;0;0;0;0;0;0;0;0;0;0;0;0;0;0;0;0;0;0;0;0;0;0;0;0;0;0;0;2;46.5;127;40.5;1;0;0;0;0;0;0;0;0;0;0;0;0;0;0;0;0;0;0;0;0
25;OURINHOS    ;1;6;99;1;1;25;44.1;0.008731;486;74;9.361;2.749;20.82;20.82;398;398;398;398;387;0;398;0;0;0;0;4.33;0;0;0;0;29;22;42;59;64;52;41;41;47;21;12;36;0;385.642;0.0037213;-1.45E-06;5.33E-10;-7.35E-14;0;0;0;0;0;0;0;0;0;0;0;0;0;0;0;0;0;0;0;0;0;0;0;0;0;0;0;0;0;0;3;14.7;162;10.4;2;0;0;0;0;0;0;0;0;0;0;0;0;0;0;0;0;0;0;0;0
26;SERRA MESA  ;1;17;27;1;0;26;1275;0.009124;1191;97;3.197;6.575;11150;54400;417.3;460;417.3;460;334.1;13.19;391.405;0.00277216;-4.36E-08;2.90E-13;0;159666;-986.245;1.94994;-0.00120015;0;27;8;16;26;52;70;85;93;105;60;45;36;0;332.798;0.00134297;8.82E-08;-1.63E-11;0;0;0;0;0;0;0;0;0;0;0;0;0;0;0;0;0;0;0;0;0;0;0;0;0;0;0;0;0;0;0;3;425;397;117.2;1;0;0;0;0;0;0;0;0;0;0;0;0;0;0;0;0;0;0;0;0
27;CANA BRAVA  ;1;17;28;1;1;27;450;0.008927;1155;102;0.222;3.471;2300;2300;330;333;330;333;287.4;0;333;0;0;0;0;138.7;0;0;0;0;31;8;18;27;49;62;71;80;97;60;47;36;0;284.11;0.0044256;-7.81E-07;6.62E-11;0;0;0;0;0;0;0;0;0;0;0;0;0;0;0;0;0;0;0;0;0;0;0;0;0;0;0;0;0;0;0;3;150;385;43.6;1;0;0;0;0;0;0;0;0;0;0;0;0;0;0;0;0;0;0;0;0
28;SAO SALVADOR;1;17;29;1;1;28;243.2;0.008829;1206;107;0.78;12.585;952;952;287;287;287;287;263.45;0;287;0;0;0;0;104;0;0;0;0;32;7;15;21;42;55;60;71;91;61;46;36;0;262.681;3.63E-05;4.33E-07;-6.41E-11;2.98E-15;0;0;0;0;0;0;0;0;0;0;0;0;0;0;0;0;0;0;0;0;0;0;0;0;0;0;0;0;0;0;2;121.6;603;22.84;2;0;0;0;0;0;0;0;0;0;0;0;0;0;0;0;0;0;0;0;0
29;PEIXE ANGIC ;1;17;30;1;0;29;498.75;0.009133;2073;185;0.439;6.003;2212.7;2741;261;263;261;263;235.44;33.18;239.282;0.0291567;-1.80E-05;5.66E-09;-6.61E-13;-583920;7064.9;-28.5103;0.0383792;0;24;6;11;7;34;53;61;71;93;60;41;35;0;232.68;0.0019702;-2.43E-07;1.93E-11;-5.89E-16;0;0;0;0;0;0;0;0;0;0;0;0;0;0;0;0;0;0;0;0;0;0;0;0;0;0;0;0;0;0;3;166.25;691;26.35;2;0;0;0;0;0;0;0;0;0;0;0;0;0;0;0;0;0;0;0;0
30;LAJEADO     ;1;17;145;1;1;30;902.5;0.009148;3400;259;1.657;5.809;4940;4940;212;212;212;212;175.8;0;212;0;0;0;0;626;0;0;0;0;12;7;9;3;15;42;66;78;79;48;26;30;0;171.366;0.0024155;-1.36E-07;4.48E-12;-5.74E-17;0;0;0;0;0;0;0;0;0;0;0;0;0;0;0;0;0;0;0;0;0;0;0;0;0;0;0;0;0;0;5;180.5;680;29;2;0;0;0;0;0;0;0;0;0;0;0;0;0;0;0;0;0;0;0;0
31;SALTO       ;1;13;24;1;1;31;116;0.008858;260;85;0.811;2.265;826.06;826.06;446.5;446.5;446.5;446.5;395.14;0;446.5;0;0;0;0;60.24;0;0;0;0;12;8;23;42;64;70;68;69;66;19;5;25;0;393.754;0.00970111;-1.82E-05;2.80E-08;-1.86E-11;0;0;0;0;0;0;0;0;0;0;0;0;0;0;0;0;0;0;0;0;0;0;0;0;0;0;0;0;0;0;2;58;130;50.18;1;0;0;0;0;0;0;0;0;0;0;0;0;0;0;0;0;0;0;0;0
32;RONDON II   ;1;20;-1;1;0;32;73.5;0.009215;138;33;2.045;4.326;192.17;478.29;264;268;264;268;204.52;19.8;261.1;0.0131;7.00E-06;-9.00E-09;0;1917.5;-20.654;0.0514;0;0;13;4;7;18;14;-8;19;25;3;1;-5;37;0;202.55;0.0267;-6.00E-05;7.00E-08;-3.00E-11;0;0;0;0;0;0;0;0;0;0;0;0;0;0;0;0;0;0;0;0;0;0;0;0;0;0;0;0;0;0;3;24.5;46;57.6;1;0;0;0;0;0;0;0;0;0;0;0;0;0;0;0;0;0;0;0;0
33;PONTE PEDRA ;1;9;-1;1;1;33;176.1;0.009025;81;28;0.334;2.66;199;199;396;396;396;396;148.6;0;396;0;0;0;0;19.1;0;0;0;0;16;11;20;27;55;51;48;61;67;-1;-10;9;0;147.35;0.024646;-6.67E-05;9.44E-08;-4.82E-11;0;0;0;0;0;0;0;0;0;0;0;0;0;0;0;0;0;0;0;0;0;0;0;0;0;0;0;0;0;0;3;58.7;27;243.45;1;0;0;0;0;0;0;0;0;0;0;0;0;0;0;0;0;0;0;0;0
34;JIRAU       ;1;21;35;1;1;34;3750;0.009163;26900;1386;0.676;0.372;2746.7;2746.7;90;90;90;90;72.71;0;66.3548;0.0206872;-8.28E-06;1.92E-09;-1.84E-13;-78803.8;2902.46;-35.699;0.14685;0;-80;-67;-93;-81;-74;-29;11;41;-25;-82;-66;-81;0;70.5;6.62E-06;4.65E-09;-7.06E-14;3.70E-19;0;0;0;0;0;0;0;0;0;0;0;0;0;0;0;0;0;0;0;0;0;0;0;0;0;0;0;0;0;0;50;75;538;15.2;2;0;0;0;0;0;0;0;0;0;0;0;0;0;0;0;0;0;0;0;0
35;STO ANTONIO ;1;21;-1;1;1;35;3568.3;0.008809;29120;1407;2.122;1.635;2075.13;2075.13;70.5;70.5;70.5;70.5;54.59;0;70.5;0;0;0;0;271.26;0;0;0;0;-80;-67;-93;-81;-74;-29;11;41;-25;-82;-66;-81;0;43.4406;0.000847969;-2.21E-08;3.89E-13;-2.90E-18;0;0;0;0;0;0;0;0;0;0;0;0;0;0;0;0;0;0;0;0;0;0;0;0;0;0;0;0;0;0;24;73.29;598;13.9;2;26;69.59;568;13.9;2;0;0;0;0;0;0;0;0;0;0;0;0;0;0;0
36;ESPORA      ;1;13;93;1;0;36;32.01;0.008731;72;22;1.214;4.459;71;209;576.5;583.5;576.5;583.5;531.2;57.2;559.134;0.399645;-0.00278485;9.26E-06;-1.15E-08;-10840.8;64.997;-0.091424;-4.83E-05;1.18E-07;10;5;24;37;55;61;64;75;71;25;19;28;0;527.012;0.0670351;-0.000407539;9.41E-07;0;0;0;0;0;0;0;0;0;0;0;0;0;0;0;0;0;0;0;0;0;0;0;0;0;0;0;0;0;0;0;3;10.67;24;50.7;2;0;0;0;0;0;0;0;0;0;0;0;0;0;0;0;0;0;0;0;0
37;ITIQUIRA I  ;1;9;38;1;1;37;60.8;0.008876;80;17;1.482;4.28;5;5;412;412;412;412;320;0;412;0;0;0;0;2.1;0;0;0;0;12;7;14;19;41;34;45;73;72;14;19;19;0;320;0;0;0;0;0;0;0;0;0;0;0;0;0;0;0;0;0;0;0;0;0;0;0;0;0;0;0;0;0;0;0;0;0;0;2;30.4;40;86.1;1;0;0;0;0;0;0;0;0;0;0;0;0;0;0;0;0;0;0;0;0
38;ITIQUIRA II ;1;9;-1;1;1;38;96.57;0.009074;78;17;2.074;4.265;1;1;320;320;320;320;180.77;0;320;0;0;0;0;0.1;0;0;0;0;12;7;14;19;41;34;45;73;72;14;19;19;0;178.707;0.0455774;-0.000317201;1.19E-06;-1.72E-09;0;0;0;0;0;0;0;0;0;0;0;0;0;0;0;0;0;0;0;0;0;0;0;0;0;0;0;0;0;0;2;48.285;39;135.33;1;0;0;0;0;0;0;0;0;0;0;0;0;0;0;0;0;0;0;0;0
39;DARDANELOS  ;1;20;-1;1;1;39;261;0.008917;306;27;1.209;3.15;0.12;0.12;213.5;213.5;213.5;213.5;114.56;0;213.5;0;0;0;0;0.24;0;0;0;0;31;18;18;12;13;11;14;34;26;23;20;47;0;112.87;0.00340124;1.30E-06;-7.16E-10;5.03E-14;0;0;0;0;0;0;0;0;0;0;0;0;0;0;0;0;0;0;0;0;0;0;0;0;0;0;0;0;0;0;4;58;68;95.6;1;1;29;34;95.6;1;0;0;0;0;0;0;0;0;0;0;0;0;0;0;0
40;CACU        ;1;13;41;1;0;40;65;0.009025;280;54;1.456;5.618;197.27;231.77;475;477;475;477;449;25;453.083;0.199715;-0.00077629;2.17E-06;-2.59E-09;449720;-3903.83;12.7123;-0.0184067;1.00E-05;12;5;21;39;62;69;69;69;68;19;7;24;0;447.934;0.00432561;4.48E-06;-1.06E-08;5.56E-12;0;0;0;0;0;0;0;0;0;0;0;0;0;0;0;0;0;0;0;0;0;0;0;0;0;0;0;0;0;0;2;32.5;140;25.8;2;0;0;0;0;0;0;0;0;0;0;0;0;0;0;0;0;0;0;0;0
41;B. COQUEIROS;1;13;42;1;1;41;90;0.009025;278;56;2.102;2.499;300;347.8;446;448;446;448;410.48;0;418.481;0.17256;-0.000418949;5.91E-07;-3.20E-10;1.27E+06;-11318.8;37.9086;-0.0564497;3.15E-05;12;7;22;42;64;70;68;68;67;20;6;25;0;409.425;0.00641672;-1.12E-05;1.56E-08;-8.51E-12;0;0;0;0;0;0;0;0;0;0;0;0;0;0;0;0;0;0;0;0;0;0;0;0;0;0;0;0;0;0;2;45;139;36;2;0;0;0;0;0;0;0;0;0;0;0;0;0;0;0;0;0;0;0;0
42;FOZ R. CLARO;1;13;93;1;1;42;68.4;0.009025;298;62;0.71;4.278;95.33;95.33;354;354;354;354;326;0;354;0;0;0;0;7.69;0;0;0;0;-17;0;3;53;82;76;98;120;97;36;-12;-15;0;323.934;0.0126845;-2.28E-05;3.08E-08;-1.73E-11;0;0;0;0;0;0;0;0;0;0;0;0;0;0;0;0;0;0;0;0;0;0;0;0;0;0;0;0;0;0;2;34.2;149;25.48;2;0;0;0;0;0;0;0;0;0;0;0;0;0;0;0;0;0;0;0;0
43;JAGUARI     ;1;10;46;1;0;43;27.6;0.008534;64;5;1.227;6.773;443;1236;603.2;623;603.2;623;557.9;16.34;579.636;0.074086;-5.98E-05;3.14E-08;-6.90E-12;-22398.2;94.1086;-0.0894238;-7.37E-05;1.09E-07;-31;-16;1;37;66;68;70;70;47;11;-22;-33;0;555.275;0.0549427;-0.00013248;3.35E-07;0;0;0;0;0;0;0;0;0;0;0;0;0;0;0;0;0;0;0;0;0;0;0;0;0;0;0;0;0;0;0;2;13.8;32;49.9;1;0;0;0;0;0;0;0;0;0;0;0;0;0;0;0;0;0;0;0;0
44;PARAIBUNA   ;1;10;45;1;0;44;87.02;0.008731;127;21;1.234;1.976;2096;4732;694.6;714;694.6;714;626.4;9.95;662.435;0.0224112;-4.40E-06;5.50E-10;-2.84E-14;-1722.28;12.3779;-0.0168791;-1.38E-05;2.57E-08;-35;-16;2;34;62;72;69;64;40;6;-23;-44;0;623.767;0.043468;-0.000323508;1.35E-06;-2.18E-09;0;0;0;0;0;0;0;0;0;0;0;0;0;0;0;0;0;0;0;0;0;0;0;0;0;0;0;0;0;0;1;43.04;63;78.3;1;1;43.98;64;78.3;1;0;0;0;0;0;0;0;0;0;0;0;0;0;0;0
45;SANTA BRANCA;1;10;46;1;0;45;56.05;0.008829;144;23;0.768;5.34;131;439;605;622;605;622;577.2;8;592.776;0.104451;-8.62E-05;0;0;9849.29;-33.0189;0.0276975;0;0;-25;-15;13;41;62;72;68;55;32;-1;-25;-26;0;577.2;0;0;0;0;0;0;0;0;0;0;0;0;0;0;0;0;0;0;0;0;0;0;0;0;0;0;0;0;0;0;0;0;0;0;2;28.025;72;44;1;0;0;0;0;0;0;0;0;0;0;0;0;0;0;0;0;0;0;0;0
46;FUNIL       ;1;10;10;1;0;46;222;0.00824;387;50;1.856;4.795;283;888;444;466.5;444;466.5;394.3;52.57;421.228;0.104427;-9.57E-05;4.00E-08;0;29506.8;-192.916;0.418396;-0.00030067;0;-40;-34;-11;24;51;56;66;71;48;8;-21;-36;0;392.7;0.0103134;-5.99E-06;1.34E-09;0;0;0;0;0;0;0;0;0;0;0;0;0;0;0;0;0;0;0;0;0;0;0;0;0;0;0;0;0;0;0;3;74;129;69.6;1;0;0;0;0;0;0;0;0;0;0;0;0;0;0;0;0;0;0;0;0
47;LAJES       ;1;10;11;1;0;47;0;0;0;0;0;0;0.01;445.35;386.5;415;386.5;415;90.3;79.38;387.939;0.151707;-0.000501987;1.05E-06;-8.62E-10;30;0;0;0;0;-38;-40;-4;25;50;61;54;41;26;-4;-19;-23;0;90.3;0;0;0;0;0;0;0;0;0;0;0;0;0;0;0;0;0;0;0;0;0;0;0;0;0;0;0;0;0;0;0;0;0;0;0;0;0;0;0;0;0;0;0;0;0;0;0;0;0;0;0;0;0;0;0;0;0;0;0
48;PICADA      ;1;10;49;1;1;48;50;0.008535;44;9;0.537;4.503;6;7;658.76;659.22;658.76;659.22;525.71;0;645.014;3.8781;-0.379545;0.0190378;-0.000361636;-93647.8;345.042;-0.259633;-0.000287135;3.24E-07;-25;-19;3;28;47;58;46;31;26;14;-3;-17;0;525.629;0.0192287;-1.57E-05;0;0;0;0;0;0;0;0;0;0;0;0;0;0;0;0;0;0;0;0;0;0;0;0;0;0;0;0;0;0;0;0;2;25;22;130.4;1;0;0;0;0;0;0;0;0;0;0;0;0;0;0;0;0;0;0;0;0
49;SOBRAGI     ;1;10;50;1;1;49;60;0.008437;90;21;1.332;6.277;1;1;436.5;436.5;436.5;436.5;360;0;436.5;0;0;0;0;0.11;0;0;0;0;-31;-32;-3;24;49;66;66;47;34;10;-9;-19;0;356;0;0;0;0;0;0;0;0;0;0;0;0;0;0;0;0;0;0;0;0;0;0;0;0;0;0;0;0;0;0;0;0;0;0;3;20;30;78;1;0;0;0;0;0;0;0;0;0;0;0;0;0;0;0;0;0;0;0;0
50;SIMPLICIO   ;1;10;51;1;1;50;305.7;0.008849;309;0;8.699;8.812;126.5;126.5;251.5;251.5;251.5;251.5;140;0;251.5;0;0;0;0;11.36;0;0;0;0;-45;-29;-7;22;53;71;81;75;54;20;-10;-38;0;137.886;0.00439945;-1.73E-06;5.81E-10;-7.35E-14;0;0;0;0;0;0;0;0;0;0;0;0;0;0;0;0;0;0;0;0;0;0;0;0;0;0;0;0;0;0;3;101.9;103;111.46;1;0;0;0;0;0;0;0;0;0;0;0;0;0;0;0;0;0;0;0;0
51;ILHA POMBOS ;1;10;53;1;1;51;187.169;0.007763;724;168;0.467;3.667;8;8;135.6;135.6;135.6;135.6;101.76;0;135.6;0;0;0;0;4;0;0;0;0;16;20;36;37;36;31;29;26;30;21;12;10;0;98.62;0.0228705;-6.10E-05;9.00E-08;-4.98E-11;0;0;0;0;0;0;0;0;0;0;0;0;0;0;0;0;0;0;0;0;0;0;0;0;0;0;0;0;0;0;1;27.408;106;33.34;1;1;27.303;105;33.34;1;1;32.015;124;33.34;1;1;49.048;190;33.34;1;1;51.395;199;33.34;1
52;P. PASSOS   ;1;10;-1;1;1;52;99.9;0.00835;318;0;0.16;1.98;17;17;86.5;86.5;86.5;86.5;48.5;0;86.5;0;0;0;0;1.1;0;0;0;0;-39;-29;-10;26;64;73;90;85;57;17;-16;-29;0;45.0062;0.0388887;-0.000179351;4.41E-07;-3.98E-10;0;0;0;0;0;0;0;0;0;0;0;0;0;0;0;0;0;0;0;0;0;0;0;0;0;0;0;0;0;0;2;49.95;159;37.6;1;0;0;0;0;0;0;0;0;0;0;0;0;0;0;0;0;0;0;0;0
53;ITAOCARA    ;1;10;-1;0;1;53;150;0.008924;624;167;1.638;6.141;412.76;412.76;89.6;89.6;89.6;89.6;60.91;0;89.6;0;0;0;0;40.4;0;0;0;0;-15;0;47;75;77;58;35;-5;-6;-7;-16;-15;0;59.2205;0.00351593;-8.27E-07;9.83E-11;-4.23E-15;0;0;0;0;0;0;0;0;0;0;0;0;0;0;0;0;0;0;0;0;0;0;0;0;0;0;0;0;0;0;2;75;312;26.9;2;0;0;0;0;0;0;0;0;0;0;0;0;0;0;0;0;0;0;0;0
54;SALTO GRANDE;1;12;55;1;1;54;102;0.00826;132;24;1.222;3.02;78;78;356;356;356;356;255.1;0;356;0;0;0;0;5.8;0;0;0;0;-43;-10;11;28;46;65;97;87;64;39;8;-19;0;254.286;0.000736265;1.38E-05;4.95E-07;-1.49E-09;0;0;0;0;0;0;0;0;0;0;0;0;0;0;0;0;0;0;0;0;0;0;0;0;0;0;0;0;0;0;2;27;35;93;1;2;24;31;93;1;0;0;0;0;0;0;0;0;0;0;0;0;0;0;0
55;P. ESTRELA  ;1;12;12;1;0;55;112;0.009055;248;25;0.069;1.284;56;89;246;255;246;255;204;86.35;230.804;0.271739;0;0;0;-26.9667;0.122222;0;0;0;-26;-8;14;32;63;81;104;82;60;32;3;-21;0;204;0;0;0;0;0;0;0;0;0;0;0;0;0;0;0;0;0;0;0;0;0;0;0;0;0;0;0;0;0;0;0;0;0;0;2;56;124;49.8;2;0;0;0;0;0;0;0;0;0;0;0;0;0;0;0;0;0;0;0;0
56;CANDONGA    ;1;12;12;1;1;56;140.1;0.009074;318;37;0.39;2.284;54.44;54.44;327.5;327.5;327.5;327.5;277.08;0;284.155;2.58947;-0.0832982;0.00144607;-9.41E-06;3326.2;-43.6806;0.215034;-0.000470794;3.87E-07;-41;-15;6;23;48;67;90;81;59;37;5;-25;0;275.7;0.010298;-1.26E-05;1.34E-08;-5.48E-12;0;0;0;0;0;0;0;0;0;0;0;0;0;0;0;0;0;0;0;0;0;0;0;0;0;0;0;0;0;0;3;46.7;106;48.6;2;0;0;0;0;0;0;0;0;0;0;0;0;0;0;0;0;0;0;0;0
57;AIMORES     ;1;12;58;1;1;57;330;0.009123;1296;166;0.901;4.067;156.55;185.52;89;90;89;90;62.5;0;79.904;0.10317;-0.00048151;1.54E-06;-1.94E-09;-162020;7306.51;-123.601;0.929426;-0.00262028;-22;-18;24;57;84;81;64;39;19;4;-14;-12;0;58.937;0.0035098;-1.33E-06;3.14E-10;-2.83E-14;0;0;0;0;0;0;0;0;0;0;0;0;0;0;0;0;0;0;0;0;0;0;0;0;0;0;0;0;0;0;3;110;432;27.9;2;0;0;0;0;0;0;0;0;0;0;0;0;0;0;0;0;0;0;0;0
58;MASCARENHAS ;1;12;-1;1;1;58;198;0.008917;1216;192;5.293;6.214;21.68;21.68;60.7;60.7;60.7;60.7;39.82;0;60.7;0;0;0;0;3.9;0;0;0;0;-46;-42;-7;27;72;95;96;73;44;12;-18;-28;0;36.899;0.0028405;-1.92E-07;4.92E-12;0;0;0;0;0;0;0;0;0;0;0;0;0;0;0;0;0;0;0;0;0;0;0;0;0;0;0;0;0;0;0;4;49.5;304;18.26;2;0;0;0;0;0;0;0;0;0;0;0;0;0;0;0;0;0;0;0;0
59;GUILMAN-AMOR;1;12;60;1;1;59;140;0.008829;136;16;4.004;6.345;12;12;495;495;495;495;375.5;0;495;0;0;0;0;1;0;0;0;0;-38;-20;4;20;41;54;78;79;52;32;2;-22;0;375.5;0;0;0;0;0;0;0;0;0;0;0;0;0;0;0;0;0;0;0;0;0;0;0;0;0;0;0;0;0;0;0;0;0;0;4;35;34;116.8;1;0;0;0;0;0;0;0;0;0;0;0;0;0;0;0;0;0;0;0;0
60;SA CARVALHO ;1;12;12;1;1;60;78;0.008633;83;18;11.782;1.835;1;1;369.5;369.5;369.5;369.5;255.1;0;369.5;0;0;0;0;0.46;0;0;0;0;-18;-13;10;33;61;70;76;55;39;26;10;-4;0;255.1;0;0;0;0;0;0;0;0;0;0;0;0;0;0;0;0;0;0;0;0;0;0;0;0;0;0;0;0;0;0;0;0;0;0;2;15;16;108.6;1;1;18;19;108.6;1;1;30;32;108.6;1;0;0;0;0;0;0;0;0;0;0
61;ROSAL       ;1;12;-1;1;1;61;55;0.009035;32;3;12.966;1.377;11;11;555;555;555;555;360.4;0;555;0;0;0;0;1.28;0;0;0;0;-13;1;43;51;74;65;44;26;21;10;-5;-2;0;359;0.105833;-0.00225;1.67E-05;0;0;0;0;0;0;0;0;0;0;0;0;0;0;0;0;0;0;0;0;0;0;0;0;0;0;0;0;0;0;0;2;27.5;16;186;1;0;0;0;0;0;0;0;0;0;0;0;0;0;0;0;0;0;0;0;0
62;SAMUEL      ;1;20;-1;1;0;62;216.75;0.009025;845;9;0.515;2.517;943.23;3493.44;80;87.4;80;87.4;57.59;0;70.9896;0.0138487;-5.62E-06;1.23E-09;-1.05E-13;-2.00E+06;97644.2;-1785.96;14.4916;-0.0439915;32;13;8;12;15;-14;0;24;10;-3;-17;39;0;51.5524;0.012994;-5.90E-06;1.84E-09;-2.95E-13;0;0;0;0;0;0;0;0;0;0;0;0;0;0;0;0;0;0;0;0;0;0;0;0;0;0;0;0;0;0;5;43.35;169;28.5;2;0;0;0;0;0;0;0;0;0;0;0;0;0;0;0;0;0;0;0;0
63;IRAPE       ;1;14;141;1;0;63;399;0.009025;267;5;1.945;3.005;2267.94;5963.92;470.8;510;470.8;510;331.48;8.94;414.769;0.0353304;-5.88E-06;5.82E-10;-2.34E-14;4771.56;-22.2022;0.0236388;1.36E-05;-1.87E-08;-18;3;29;49;65;86;111;119;96;54;20;-8;0;328.22;0.0219721;-2.48E-05;1.39E-08;-2.92E-12;0;0;0;0;0;0;0;0;0;0;0;0;0;0;0;0;0;0;0;0;0;0;0;0;0;0;0;0;0;0;3;133;89;166.4;1;0;0;0;0;0;0;0;0;0;0;0;0;0;0;0;0;0;0;0;0
64;STA CLARA MG;1;14;-1;1;1;64;60;0.008731;132;5;0.115;4.69;146;146;86;86;86;86;32.6;0;86;0;0;0;0;7.6;0;0;0;0;-25;-8;30;53;61;59;40;15;18;10;-8;-9;0;31.8137;0.00951352;-9.87E-06;7.39E-09;-2.07E-12;0;0;0;0;0;0;0;0;0;0;0;0;0;0;0;0;0;0;0;0;0;0;0;0;0;0;0;0;0;0;3;20;44;52.6;1;0;0;0;0;0;0;0;0;0;0;0;0;0;0;0;0;0;0;0;0
65;CAMARGOS    ;1;11;66;1;0;65;46;0.008525;220;24;4.075;12.11;120;792;899;913;899;913;886.1;38.62;892.97;0.062089;-0.00011041;1.25E-07;-5.55E-11;13334.3;-32.8661;0.0200893;0;0;0;2;29;40;51;46;32;23;24;15;4;7;0;886.1;0;0;0;0;0;0;0;0;0;0;0;0;0;0;0;0;0;0;0;0;0;0;0;0;0;0;0;0;0;0;0;0;0;0;2;23;110;24.6;2;0;0;0;0;0;0;0;0;0;0;0;0;0;0;0;0;0;0;0;0
66;ITUTINGA    ;1;11;1;1;1;66;52;0.008819;236;24;1.83;3.177;11;11;886;886;886;886;857.7;0;886;0;0;0;0;1.6;0;0;0;0;2;5;31;40;48;44;30;24;27;19;6;8;0;856.09;0.00765;-5.45E-06;2.65E-09;-4.60E-13;0;0;0;0;0;0;0;0;0;0;0;0;0;0;0;0;0;0;0;0;0;0;0;0;0;0;0;0;0;0;2;12.5;57;25;2;1;14;63;25;2;1;13;59;25;2;0;0;0;0;0;0;0;0;0;0
67;FURNAS      ;1;11;68;1;0;67;1312;0.008633;1692;102;12.189;15.022;5733;22950;750;768;750;768;672.9;30.45;735.246;0.00349658;-1.97E-07;6.92E-12;-9.77E-17;178827;-385.277;0.0221355;0.000232793;0;13;2;25;40;52;51;43;42;39;18;12;27;0;671.633;0.00101738;-1.80E-07;2.51E-11;0;0;0;0;0;0;0;0;0;0;0;0;0;0;0;0;0;0;0;0;0;0;0;0;0;0;0;0;0;0;0;6;164;211;90;1;2;164;213;89.3;1;0;0;0;0;0;0;0;0;0;0;0;0;0;0;0
68;M. DE MORAES;1;11;69;1;0;68;478;0.00834;1328;113;6.27;5.329;1540;4040;653.12;666.12;653.12;666.12;622;31.15;641.775;0.00808817;-3.70E-07;-7.11E-11;9.12E-15;666496;-2931;4.27885;-0.00207204;0;12;2;19;37;49;46;42;40;38;15;5;25;0;619.266;0.00173198;-4.89E-08;0;0;0;0;0;0;0;0;0;0;0;0;0;0;0;0;0;0;0;0;0;0;0;0;0;0;0;0;0;0;0;0;2;38;109;41.8;1;2;45;123;43.9;1;4;51;142;43.2;1;2;54;148;43.8;1;0;0;0;0;0
69;ESTREITO    ;1;11;70;1;1;69;1104;0.00883;2028;115;4.827;9.527;1423;1423;622.5;622.5;622.5;622.5;557.8;0;622.5;0;0;0;0;46.53;0;0;0;0;10;5;18;38;53;52;48;43;39;15;2;21;0;556.718;0.00122176;-7.51E-08;2.17E-12;0;0;0;0;0;0;0;0;0;0;0;0;0;0;0;0;0;0;0;0;0;0;0;0;0;0;0;0;0;0;0;6;184;338;61.7;1;0;0;0;0;0;0;0;0;0;0;0;0;0;0;0;0;0;0;0;0
70;JAGUARA     ;1;11;71;1;1;70;424;0.008927;1076;116;0.921;2.91;450;450;558.5;558.5;558.5;558.5;512.6;0;558.5;0;0;0;0;33.9;0;0;0;0;8;3;20;44;56;54;46;44;44;22;5;26;0;510.03;0.00177;-7.40E-08;1.12E-11;-4.80E-16;0;0;0;0;0;0;0;0;0;0;0;0;0;0;0;0;0;0;0;0;0;0;0;0;0;0;0;0;0;0;4;106;269;44.1;1;0;0;0;0;0;0;0;0;0;0;0;0;0;0;0;0;0;0;0;0
71;IGARAPAVA   ;1;11;72;1;1;71;210;0.009026;1480;119;4.747;1.307;480;480;512;512;512;512;494.8;0;512;0;0;0;0;52;0;0;0;0;8;5;24;48;60;58;51;48;48;26;7;29;0;494.202;0.000781652;-1.04E-07;0;0;0;0;0;0;0;0;0;0;0;0;0;0;0;0;0;0;0;0;0;0;0;0;0;0;0;0;0;0;0;0;5;42;296;15.7;2;0;0;0;0;0;0;0;0;0;0;0;0;0;0;0;0;0;0;0;0
72;VOLTA GRANDE;1;11;73;1;1;72;380;0.009025;1584;126;4.744;2.073;2244;2244;494.87;494.87;494.87;494.87;467.27;0;494.87;0;0;0;0;201.6;0;0;0;0;9;7;24;52;65;64;54;52;50;27;5;30;0;466.01;0.000872;-7.38E-08;6.34E-12;-1.90E-16;0;0;0;0;0;0;0;0;0;0;0;0;0;0;0;0;0;0;0;0;0;0;0;0;0;0;0;0;0;0;4;95;396;26.6;2;0;0;0;0;0;0;0;0;0;0;0;0;0;0;0;0;0;0;0;0
73;P. COLOMBIA ;1;11;77;1;1;73;328;0.00873;1988;143;2.056;7.25;1524;1524;467.2;467.2;467.2;467.2;443.4;0;467.2;0;0;0;0;143.9;0;0;0;0;9;8;27;55;67;68;57;55;52;29;6;32;0;446.07;0.000189884;0;0;0;0;0;0;0;0;0;0;0;0;0;0;0;0;0;0;0;0;0;0;0;0;0;0;0;0;0;0;0;0;0;4;82;497;18.9;2;0;0;0;0;0;0;0;0;0;0;0;0;0;0;0;0;0;0;0;0
74;CACONDE     ;1;11;75;1;0;74;80.4;0.008437;94;8;1.264;11.456;51;555;825;855;825;855;750;39.06;816.347;0.19769;-0.00057357;9.69E-07;-6.33E-10;152488;-391.677;0.112147;0.000367985;-2.42E-07;18;11;35;49;60;60;54;55;47;17;19;30;0;747.211;0.100322;-0.000327461;-1.72E-07;1.73E-09;0;0;0;0;0;0;0;0;0;0;0;0;0;0;0;0;0;0;0;0;0;0;0;0;0;0;0;0;0;0;1;41.2;48;101;1;1;39.2;46;101;1;0;0;0;0;0;0;0;0;0;0;0;0;0;0;0
75;E. DA CUNHA ;1;11;76;1;1;75;108.8;0.008339;148;12;0.441;4.309;14;14;665;665;665;665;573.5;0;665;0;0;0;0;1.07;0;0;0;0;22;11;25;42;58;52;47;43;41;15;7;24;0;572.299;0.0646109;-0.000232398;4.39E-07;-3.12E-10;0;0;0;0;0;0;0;0;0;0;0;0;0;0;0;0;0;0;0;0;0;0;0;0;0;0;0;0;0;0;4;27.2;37;88;1;0;0;0;0;0;0;0;0;0;0;0;0;0;0;0;0;0;0;0;0
76;A.S.OLIVEIRA;1;11;77;1;1;76;32;0.00824;178;12;0.556;8.085;25;25;573;573;573;573;547.6;0;573;0;0;0;0;2.7;0;0;0;0;22;11;24;45;60;54;46;42;42;21;4;24;0;545.356;0.0165986;-3.64E-05;5.12E-08;-2.64E-11;0;0;0;0;0;0;0;0;0;0;0;0;0;0;0;0;0;0;0;0;0;0;0;0;0;0;0;0;0;0;2;16;89;21.7;2;0;0;0;0;0;0;0;0;0;0;0;0;0;0;0;0;0;0;0;0
77;MARIMBONDO  ;1;11;78;1;0;77;1488;0.008535;2944;245;2.622;3.191;890;6150;426;446.3;426;446.3;382.8;57.33;417.894;0.0111714;-2.29E-06;2.91E-10;-1.48E-14;586295;-3956.72;8.86381;-0.00658636;0;12;11;30;58;71;72;59;58;54;27;5;33;0;381.093;0.00140528;-2.01E-08;1.06E-13;0;0;0;0;0;0;0;0;0;0;0;0;0;0;0;0;0;0;0;0;0;0;0;0;0;0;0;0;0;0;0;8;186;368;59.2;1;0;0;0;0;0;0;0;0;0;0;0;0;0;0;0;0;0;0;0;0
78;A. VERMELHA ;1;11;93;1;0;78;1396.2;0.008829;2958;364;0.189;3.612;5856;11025;373.3;383.3;373.3;383.3;326.4;43;352.03;0.00499586;-2.74E-07;7.10E-12;0;55387;-314.531;0.447977;0;0;12;16;30;53;73;74;65;61;58;23;3;27;0;323.123;-0.000457701;3.99E-07;-4.22E-11;1.40E-15;0;0;0;0;0;0;0;0;0;0;0;0;0;0;0;0;0;0;0;0;0;0;0;0;0;0;0;0;0;0;6;232.7;493;53.5;1;0;0;0;0;0;0;0;0;0;0;0;0;0;0;0;0;0;0;0;0
79;EMBORCACAO  ;1;13;83;1;0;79;1192;0.008731;1048;51;2.064;3.998;4669;17725;615;661;615;661;521.9;30.87;568.09;0.014506;-1.20E-06;5.83E-11;-1.12E-15;-18194.4;56.5776;0.0451828;-0.000291219;2.39E-07;0;2;16;36;53;54;54;50;45;16;5;19;512;519.32;0.00394;-3.60E-07;4.33E-11;-2.60E-15;514;519.31;0.00249;3.44E-07;-6.20E-11;3.30E-15;516;519.53;0.00278;4.04E-08;2.77E-12;-4.90E-16;518;519.79;0.00161;8.48E-07;-1.20E-10;4.53E-15;520;519.93;0.00163;5.48E-07;-7.90E-11;3.83E-15;0;0;0;0;0;0;4;298;262;130.3;1;0;0;0;0;0;0;0;0;0;0;0;0;0;0;0;0;0;0;0;0
80;NOVA PONTE  ;1;13;81;1;0;80;510;0.009223;576;40;6.515;3.181;2412;12792;775.5;815;775.5;815;696;16.58;752.15;0.0122835;-1.26E-06;7.85E-11;-1.98E-15;-323493;930.002;-0.385236;-0.000879839;6.76E-07;16;7;23;40;61;65;67;66;54;25;13;33;0;693.296;0.0125721;-1.27E-05;8.51E-09;-2.14E-12;0;0;0;0;0;0;0;0;0;0;0;0;0;0;0;0;0;0;0;0;0;0;0;0;0;0;0;0;0;0;3;170;192;96;1;0;0;0;0;0;0;0;0;0;0;0;0;0;0;0;0;0;0;0;0
81;MIRANDA     ;1;13;4;1;0;81;408;0.009117;675;42;1.092;3.055;974;1120;693;696;693;696;625.2;61.32;684.703;-0.004019;-7.94E-07;2.79E-08;-1.42E-11;63431.3;-95.5998;-0.0659363;2.46E-05;1.14E-07;7;4;18;37;54;54;53;52;41;15;5;26;0;624.525;0.0017833;-5.98E-07;1.60E-10;-1.99E-14;0;0;0;0;0;0;0;0;0;0;0;0;0;0;0;0;0;0;0;0;0;0;0;0;0;0;0;0;0;0;3;136;225;66.4;1;0;0;0;0;0;0;0;0;0;0;0;0;0;0;0;0;0;0;0;0
82;CORUMBA I   ;1;13;83;1;0;82;375;0.008928;570;74;1.155;2.592;470;1500;570;595;570;595;518.9;22;545.893;0.0647087;-3.24E-05;7.39E-09;0;-38885.4;212.986;-0.389868;0.000238534;0;2;1;17;37;53;56;58;54;55;21;8;21;0;510.991;0.0162413;-1.18E-05;3.08E-09;0;0;0;0;0;0;0;0;0;0;0;0;0;0;0;0;0;0;0;0;0;0;0;0;0;0;0;0;0;0;0;3;125;190;73.5;1;0;0;0;0;0;0;0;0;0;0;0;0;0;0;0;0;0;0;0;0
83;ITUMBIARA   ;1;13;84;1;0;83;2082;0.008829;2940;233;1.156;4.965;4573;17027;495;520;495;520;435.6;21.7;471.165;0.00728054;-5.61E-07;2.60E-11;-4.85E-16;-874789;5330.8;-10.8521;0.00738208;0;6;1;19;42;58;62;60;56;58;22;5;23;0;433;0.00159584;-8.18E-08;3.17E-12;0;0;0;0;0;0;0;0;0;0;0;0;0;0;0;0;0;0;0;0;0;0;0;0;0;0;0;0;0;0;0;6;347;490;80.2;1;0;0;0;0;0;0;0;0;0;0;0;0;0;0;0;0;0;0;0;0
84;CACH.DOURADA;1;13;85;1;1;84;658;0.00873;2513;254;1.027;4.265;460;460;434.12;434.12;434.12;434.12;401.1;0;434.12;0;0;0;0;69;0;0;0;0;11;5;24;44;59;63;61;62;65;27;11;30;0;398.576;0.00212375;-2.68E-07;2.29E-11;0;0;0;0;0;0;0;0;0;0;0;0;0;0;0;0;0;0;0;0;0;0;0;0;0;0;0;0;0;0;0;2;17;65;30;2;3;54;206;30;2;3;84;321;30;2;2;105;401;30;2;0;0;0;0;0
85;SAO SIMAO   ;1;13;93;1;0;85;1710;0.009025;2670;450;3.806;6.192;7000;12540;390.5;401;390.5;401;328.1;46.1;358.329;0.00861726;-8.84E-07;5.29E-11;-1.24E-15;-184844;1541.24;-4.29993;0.0040152;0;13;11;25;46;67;72;68;66;64;22;4;25;324.7;323.46;0.000405;4.20E-08;-2.00E-12;2.91E-17;326.3;325.51;0.000375;1.74E-08;-4.30E-13;7.50E-19;328;327.64;0.000277;1.01E-09;8.26E-13;-2.30E-17;0;0;0;0;0;0;0;0;0;0;0;0;0;0;0;0;0;0;6;285;445;70.9;1;0;0;0;0;0;0;0;0;0;0;0;0;0;0;0;0;0;0;0;0
86;BARRA BONITA;1;7;87;1;0;86;140;0.008633;756;91;0.411;6.966;569;3135;439.5;451.5;439.5;451.5;428;65.08;432.784;0.0149645;-6.71E-06;1.76E-09;-1.70E-13;-544524;3206.67;-5.1077;-0.000973225;5.48E-06;23;17;38;64;73;64;50;43;42;19;1;30;0;427.541;-0.000805216;3.08E-06;-1.35E-09;1.90E-13;0;0;0;0;0;0;0;0;0;0;0;0;0;0;0;0;0;0;0;0;0;0;0;0;0;0;0;0;0;0;4;35;189;21.4;2;0;0;0;0;0;0;0;0;0;0;0;0;0;0;0;0;0;0;0;0
87;A.S. LIMA   ;1;7;88;1;1;87;144;0.008437;771;103;0.382;9.505;544;544;427.5;427.5;427.5;427.5;405;0;427.5;0;0;0;0;62.55;0;0;0;0;21;16;38;64;74;67;53;47;46;21;2;30;0;403.947;0.000480275;1.56E-06;-8.13E-10;1.22E-13;0;0;0;0;0;0;0;0;0;0;0;0;0;0;0;0;0;0;0;0;0;0;0;0;0;0;0;0;0;0;3;48;257;22.1;2;0;0;0;0;0;0;0;0;0;0;0;0;0;0;0;0;0;0;0;0
88;IBITINGA    ;1;7;89;1;1;88;131.4;0.008829;702;128;0.655;6.09;985;985;404;404;404;404;382.5;0;404;0;0;0;0;114.82;0;0;0;0;19;16;37;63;75;69;55;50;49;23;3;31;0;379.348;0.00225722;1.96E-07;-3.24E-10;5.88E-14;0;0;0;0;0;0;0;0;0;0;0;0;0;0;0;0;0;0;0;0;0;0;0;0;0;0;0;0;0;0;3;43.8;234;21.2;2;0;0;0;0;0;0;0;0;0;0;0;0;0;0;0;0;0;0;0;0
89;PROMISSAO   ;1;7;90;1;0;89;264;0.008829;1293;149;0.178;5.729;5280;7408;379.7;384;379.7;384;358.7;83.96;369.694;-0.000524999;1.08E-06;-1.60E-10;7.93E-15;-33929.7;163.813;-0.192901;0;0;16;18;37;62;77;72;59;55;53;22;4;30;0;358.004;-0.000240967;5.60E-07;-1.23E-10;8.03E-15;0;0;0;0;0;0;0;0;0;0;0;0;0;0;0;0;0;0;0;0;0;0;0;0;0;0;0;0;0;0;3;88;431;23.1;2;0;0;0;0;0;0;0;0;0;0;0;0;0;0;0;0;0;0;0;0
90;NAVANHANDAVA;1;7;93;1;1;90;347.4;0.008829;1431;153;2.157;17.2;2720;2720;358;358;358;358;328;0;358;0;0;0;0;212;0;0;0;0;16;20;37;60;77;73;60;56;53;21;4;28;0;323.085;0.00431485;-2.13E-06;5.68E-10;-5.38E-14;0;0;0;0;0;0;0;0;0;0;0;0;0;0;0;0;0;0;0;0;0;0;0;0;0;0;0;0;0;0;3;115.8;477;27.5;2;0;0;0;0;0;0;0;0;0;0;0;0;0;0;0;0;0;0;0;0
91;GUARAPIRANGA;1;7;92;1;0;91;0;0;0;3;0;0;0.773;189.956;724.5;736.62;724.5;736.62;720;88.5;725.889;0.124814;-0.00083792;3.64E-06;-5.88E-09;5.19E+06;-21321.2;29.2187;-0.0133454;0;12;14;34;38;40;35;25;26;21;7;5;22;0;720;0;0;0;0;0;0;0;0;0;0;0;0;0;0;0;0;0;0;0;0;0;0;0;0;0;0;0;0;0;0;0;0;0;0;0;0;0;0;0;0;0;0;0;0;0;0;0;0;0;0;0;0;0;0;0;0;0;0;0
92;BILLINGS    ;1;7;9;1;0;92;0;0;0;2;0;0;0.978;1132.65;728;746.5;728;746.5;728.75;85;728.996;0.0472163;-8.38E-05;8.24E-08;-2.92E-11;-985971;4018.06;-5.46664;0.00248312;0;10;12;35;46;49;43;28;22;16;1;-5;14;0;728.75;0;0;0;0;0;0;0;0;0;0;0;0;0;0;0;0;0;0;0;0;0;0;0;0;0;0;0;0;0;0;0;0;0;0;0;0;0;0;0;0;0;0;0;0;0;0;0;0;0;0;0;0;0;0;0;0;0;0;0
93;I. SOLT. EQV;1;8;94;1;0;93;4251.5;0.008829;11604;1468;0.765;7.03;25467;34432;323;328;323;328;281.1;0;294.181;0.00205514;-5.66E-08;9.70E-13;-6.70E-18;-52393.8;115.69;0.435097;-0.000290376;-1.74E-06;16;25;39;58;79;74;65;63;58;18;5;26;0;279.88;9.57E-05;1.21E-08;-5.83E-13;7.60E-18;0;0;0;0;0;0;0;0;0;0;0;0;0;0;0;0;0;0;0;0;0;0;0;0;0;0;0;0;0;0;4;176;480;41.5;1;11;170;464;41.5;1;5;174;475;41.5;1;5;161.5;441;41.5;1;0;0;0;0;0
94;JUPIA       ;1;8;95;1;1;94;1551.2;0.008731;8344;1649;2.071;5.943;3354;3354;280;280;280;280;257;0;280;0;0;0;0;327;0;0;0;0;18;27;42;58;79;71;60;60;58;14;8;28;0;253.441;0.00057866;1.44E-08;-1.42E-12;2.61E-17;0;0;0;0;0;0;0;0;0;0;0;0;0;0;0;0;0;0;0;0;0;0;0;0;0;0;0;0;0;0;14;110.8;596;21.3;2;0;0;0;0;0;0;0;0;0;0;0;0;0;0;0;0;0;0;0;0
95;P. PRIMAVERA;1;8;8;1;0;95;1540;0.009133;8904;1881;0.592;4.595;14400;20000;257;259;257;259;239.2;0;239.17;0.002497;-1.26E-07;3.05E-12;-2.57E-17;-48569;279.49;-0.32318;0;0;9;18;27;37;68;63;43;37;38;-14;-13;10;0;234.498;0.000707983;-2.52E-08;4.65E-13;-3.26E-18;0;0;0;0;0;0;0;0;0;0;0;0;0;0;0;0;0;0;0;0;0;0;0;0;0;0;0;0;0;0;14;110;636;18.95;2;0;0;0;0;0;0;0;0;0;0;0;0;0;0;0;0;0;0;0;0
96;MANSO       ;1;9;-1;1;0;96;210;0.008829;400;42;1.707;6.101;4386;7337;278;287;278;287;224.8;49.11;279.97;-0.010212;3.93E-06;-4.77E-10;2.03E-14;596505;-5893.38;17.6844;-0.00960197;-1.98E-05;29;28;41;34;45;61;69;100;49;24;22;41;0;223.898;0.00457043;-4.20E-07;0;0;0;0;0;0;0;0;0;0;0;0;0;0;0;0;0;0;0;0;0;0;0;0;0;0;0;0;0;0;0;0;4;52.5;100;59.4;1;0;0;0;0;0;0;0;0;0;0;0;0;0;0;0;0;0;0;0;0
97;A.A. LAYDNER;1;6;7;1;0;97;100.956;0.008947;364;55;0.195;2.499;3843;7008;559.7;568;559.7;568;532.29;85.85;542.555;0.00636701;-6.75E-07;5.39E-11;-1.90E-15;-4.20E+06;22482.7;-40.1091;0.0238662;0;25;24;42;64;76;67;51;41;31;9;-2;34;0;531.39;0.00404814;-1.40E-06;2.71E-10;0;0;0;0;0;0;0;0;0;0;0;0;0;0;0;0;0;0;0;0;0;0;0;0;0;0;0;0;0;0;0;2;50.478;182;31;2;0;0;0;0;0;0;0;0;0;0;0;0;0;0;0;0;0;0;0;0
98;CHAVANTES   ;1;6;25;1;0;98;414;0.008731;644;73;0.402;2.276;5754;8795;465.23;474;465.23;474;398.7;85.77;437.472;0.0066313;-3.75E-07;1.06E-11;0;12734.1;-64.7446;0.0816951;0;0;27;19;45;70;81;71;56;43;43;13;-6;18;0;397.028;0.00439642;-1.25E-06;1.79E-10;0;0;0;0;0;0;0;0;0;0;0;0;0;0;0;0;0;0;0;0;0;0;0;0;0;0;0;0;0;0;0;4;103.5;161;73.6;1;0;0;0;0;0;0;0;0;0;0;0;0;0;0;0;0;0;0;0;0
99;L.N. GARCEZ ;1;6;100;1;1;99;73.8;0.008338;580;96;0.164;4.136;45;45;384.67;384.67;384.67;384.67;366.6;0;384.67;0;0;0;0;11.59;0;0;0;0;28;22;40;54;59;49;40;43;51;25;18;39;0;365.507;0.00204802;-9.79E-08;0;0;0;0;0;0;0;0;0;0;0;0;0;0;0;0;0;0;0;0;0;0;0;0;0;0;0;0;0;0;0;0;4;18.45;145;15.3;2;0;0;0;0;0;0;0;0;0;0;0;0;0;0;0;0;0;0;0;0
100;CANOAS II   ;1;6;101;1;1;100;72;0.008829;561;96;0.076;4.881;151;151;366;366;366;366;351.1;0;366;0;0;0;0;23.52;0;0;0;0;26;22;41;58;68;56;44;41;46;15;7;32;0;350.957;0.00137968;-8.06E-08;0;0;0;0;0;0;0;0;0;0;0;0;0;0;0;0;0;0;0;0;0;0;0;0;0;0;0;0;0;0;0;0;3;24;187;14.5;2;0;0;0;0;0;0;0;0;0;0;0;0;0;0;0;0;0;0;0;0
101;CANOAS I    ;1;6;102;1;1;101;82.5;0.008928;567;98;0.164;6.17;212;212;351;351;351;351;333.8;0;351;0;0;0;0;29.11;0;0;0;0;22;22;41;59;71;61;45;40;44;11;2;27;0;333.377;0.00199413;-5.50E-07;8.25E-11;-4.56E-15;0;0;0;0;0;0;0;0;0;0;0;0;0;0;0;0;0;0;0;0;0;0;0;0;0;0;0;0;0;0;3;27.5;189;16.3;2;0;0;0;0;0;0;0;0;0;0;0;0;0;0;0;0;0;0;0;0
102;CAPIVARA    ;1;6;103;1;0;102;619;0.008338;1686;192;0.12;6.579;4816;10540;321;334;321;334;285.2;92.11;297.875;0.00718807;-6.63E-07;3.95E-11;-9.87E-16;11308.2;-54.3644;-0.0323012;0.000295981;0;13;20;37;54;77;70;52;44;43;1;-6;15;0;283.463;0.00130832;-6.90E-08;1.68E-12;0;0;0;0;0;0;0;0;0;0;0;0;0;0;0;0;0;0;0;0;0;0;0;0;0;0;0;0;0;0;0;3;152;414;44;1;1;163;444;44;1;0;0;0;0;0;0;0;0;0;0;0;0;0;0;0
103;TAQUARUCU   ;1;6;104;1;1;103;525;0.009143;2550;200;0.282;5.165;677;677;284;284;284;284;259.08;0;284;0;0;0;0;74.58;0;0;0;0;12;21;33;46;73;65;47;41;41;-6;-7;15;0;257.429;0.00125857;-1.11E-07;6.12E-12;-1.27E-16;0;0;0;0;0;0;0;0;0;0;0;0;0;0;0;0;0;0;0;0;0;0;0;0;0;0;0;0;0;0;5;105;510;22.5;2;0;0;0;0;0;0;0;0;0;0;0;0;0;0;0;0;0;0;0;0
104;ROSANA      ;1;6;8;1;1;104;354;0.009143;2468;227;1;4.197;1918;1918;258;258;258;258;237.43;0;258;0;0;0;0;217.66;0;0;0;0;9;18;28;39;69;64;43;38;37;-15;-14;9;0;235.275;0.00159059;-9.21E-08;2.00E-12;0;0;0;0;0;0;0;0;0;0;0;0;0;0;0;0;0;0;0;0;0;0;0;0;0;0;0;0;0;0;0;4;88.5;617;15.7;2;0;0;0;0;0;0;0;0;0;0;0;0;0;0;0;0;0;0;0;0
105;MAUA        ;2;6;102;1;0;105;352.08;0.008893;339;27;1.707;6.429;1473;2137;626;635;626;635;512.86;100;588.69;0.0401811;-1.41E-05;3.21E-09;-3.02E-13;-1224.27;2.06006;-4.42E-08;0;0;-32;-9;13;60;87;80;86;80;56;16;-21;-16;0;510.598;0.00924259;-6.77E-06;3.19E-09;-5.68E-13;0;0;0;0;0;0;0;0;0;0;0;0;0;0;0;0;0;0;0;0;0;0;0;0;0;0;0;0;0;0;3;117.36;113;116.5;1;0;0;0;0;0;0;0;0;0;0;0;0;0;0;0;0;0;0;0;0
106;STA CLARA PR;2;4;107;1;0;106;120.168;0.008829;162;14;2.665;4.366;169;431;787.5;805;787.5;805;706.1;100;766.125;0.168866;-0.000312812;3.99E-07;-2.25E-10;1980;-2.29164;-0.00222824;2.51E-08;3.13E-09;13;23;39;53;52;42;27;22;6;-15;-10;4;0;705.5;0.00357997;8.09E-06;-1.97E-08;1.22E-11;0;0;0;0;0;0;0;0;0;0;0;0;0;0;0;0;0;0;0;0;0;0;0;0;0;0;0;0;0;0;2;60.084;81;84.35;1;0;0;0;0;0;0;0;0;0;0;0;0;0;0;0;0;0;0;0;0
107;FUNDAO      ;2;4;132;1;1;107;120.168;0.008829;152;14;0.762;4.523;35;35;705.5;705.5;705.5;705.5;609;0;668.905;2.78138;-0.112022;0.0026005;-2.30E-05;-707604;4096.38;-8.8908;0.00857417;-3.10E-06;14;28;48;64;62;52;33;26;9;-13;-9;6;0;604.918;0.0278099;-4.63E-05;3.36E-08;-8.92E-12;0;0;0;0;0;0;0;0;0;0;0;0;0;0;0;0;0;0;0;0;0;0;0;0;0;0;0;0;0;0;2;60.084;76;89.45;1;0;0;0;0;0;0;0;0;0;0;0;0;0;0;0;0;0;0;0;0
108;G.B. MUNHOZ ;2;4;133;1;0;108;1676;0.009025;1376;80;3.556;6.021;1974;5779;700;742;700;742;602;100;650.876;0.0349868;-6.50E-06;7.78E-10;-3.95E-14;12303;-35.9336;0.0263396;0;0;2;21;41;61;63;56;39;30;7;-17;-19;-10;0;601.886;0.00110583;4.21E-07;-8.31E-11;4.76E-15;0;0;0;0;0;0;0;0;0;0;0;0;0;0;0;0;0;0;0;0;0;0;0;0;0;0;0;0;0;0;4;419;344;135;1;0;0;0;0;0;0;0;0;0;0;0;0;0;0;0;0;0;0;0;0
109;BAIXO IGUACU;2;4;-1;0;1;109;350.199;0.009025;2502;160;2.533;8.091;183;211.92;258;259;258;259;242.55;0;259;0;0;0;0;31.63;0;0;0;0;-38;-10;25;57;79;81;72;61;37;-11;-38;-50;0;240.83;0.0004;-5.00E-09;1.00E-13;-8.00E-19;0;0;0;0;0;0;0;0;0;0;0;0;0;0;0;0;0;0;0;0;0;0;0;0;0;0;0;0;0;0;3;116.733;834;15.5;2;0;0;0;0;0;0;0;0;0;0;0;0;0;0;0;0;0;0;0;0
110;BARRA GRANDE;2;2;114;1;0;110;690;0.009025;516;13;0.65;3.73;2711.79;4904.45;617;647;617;647;480.63;93.2;539.861;0.0445606;-8.15E-06;9.32E-10;-4.39E-14;207072;-1338.37;3.2448;-0.00349878;1.42E-06;-60;-38;-2;55;91;98;98;85;48;-2;-40;-68;0;479.953;0.00161763;-4.52E-08;0;0;0;0;0;0;0;0;0;0;0;0;0;0;0;0;0;0;0;0;0;0;0;0;0;0;0;0;0;0;0;0;3;230;172;148.37;1;0;0;0;0;0;0;0;0;0;0;0;0;0;0;0;0;0;0;0;0
111;SAO ROQUE   ;2;2;112;0;0;111;141.93;0.008976;309;14;1.672;5.403;336.72;795.67;746;760;746;760;706.43;0;717.957;0.138241;-0.000226568;2.17E-07;-8.38E-11;173959;-674.644;0.869314;-0.000372;0;-56;-39;-6;46;79;87;82;71;38;-9;-41;-62;0;705.597;0.0036996;-3.03E-06;1.43E-09;-2.23E-13;0;0;0;0;0;0;0;0;0;0;0;0;0;0;0;0;0;0;0;0;0;0;0;0;0;0;0;0;0;0;3;47.31;103;48.6;1;0;0;0;0;0;0;0;0;0;0;0;0;0;0;0;0;0;0;0;0
112;GARIBALDI   ;2;2;113;1;0;112;189;0.009025;501;17;1.558;4.86;232;296;702.5;705;702.5;705;660.56;69;693.287;0.0396322;0;0;0;-1037.81;1.51;0;0;0;-59;-38;-5;51;86;93;91;81;46;-4;-39;-64;0;659.923;0.00150938;1.60E-08;-7.74E-11;1.45E-14;0;0;0;0;0;0;0;0;0;0;0;0;0;0;0;0;0;0;0;0;0;0;0;0;0;0;0;0;0;0;3;63;167;41.9;1;0;0;0;0;0;0;0;0;0;0;0;0;0;0;0;0;0;0;0;0
113;CAMPOS NOVOS;2;2;114;1;0;113;879.999;0.008927;558;17;1.213;3.806;1320;1477;655;660;655;660;472.7;20.03;242.921;1.07415;-0.00110371;5.21E-07;-9.24E-11;-126.446;0.240168;-1.23E-07;-1.39E-10;1.53E-13;-60;-38;-2;55;90;97;96;85;48;-2;-39;-67;0;470.1;0.0100876;-5.59E-06;1.73E-09;-2.01E-13;0;0;0;0;0;0;0;0;0;0;0;0;0;0;0;0;0;0;0;0;0;0;0;0;0;0;0;0;0;0;3;293.333;186;177;1;0;0;0;0;0;0;0;0;0;0;0;0;0;0;0;0;0;0;0;0
114;MACHADINHO  ;2;2;115;1;0;114;1140;0.008927;1311;44;0.084;2.869;2283;3340;465;480;465;480;371.2;95;401.217;0.0500965;-1.57E-05;3.30E-09;-2.88E-13;3325.72;-19.0649;0.0282416;8.16E-06;-2.83E-08;-1;24;57;77;81;68;52;36;12;-15;-25;-25;0;371.936;0.00193242;-8.53E-08;2.38E-12;-2.62E-17;0;0;0;0;0;0;0;0;0;0;0;0;0;0;0;0;0;0;0;0;0;0;0;0;0;0;0;0;0;0;3;380;437;97.3;1;0;0;0;0;0;0;0;0;0;0;0;0;0;0;0;0;0;0;0;0
115;ITA         ;2;2;121;1;1;115;1450;0.008927;1590;49;0.278;2.968;5100;5100;370;370;370;370;265.1;0;370;0;0;0;0;141.18;0;0;0;0;-66;-37;-2;62;97;111;110;94;60;4;-39;-75;0;261.363;0.00301186;-5.64E-07;6.79E-11;-3.03E-15;0;0;0;0;0;0;0;0;0;0;0;0;0;0;0;0;0;0;0;0;0;0;0;0;0;0;0;0;0;0;5;290;318;102;1;0;0;0;0;0;0;0;0;0;0;0;0;0;0;0;0;0;0;0;0
116;PASSO FUNDO ;2;2;117;1;0;116;226;0.008926;102;1;0.054;2.853;185;1589;584;598;584;598;335.5;99;580.391;0.0221501;-1.41E-05;6.34E-09;-1.15E-12;-2857.81;2.94494;0.00348711;0;0;-29;0;40;77;94;93;84;67;31;-11;-31;-47;0;335.1;0.00816667;-5.67E-06;0;0;0;0;0;0;0;0;0;0;0;0;0;0;0;0;0;0;0;0;0;0;0;0;0;0;0;0;0;0;0;0;2;113;51;247;1;0;0;0;0;0;0;0;0;0;0;0;0;0;0;0;0;0;0;0;0
117;MONJOLINHO  ;2;2;121;1;1;117;74;0.009025;134;2;0.314;2.559;150.48;150.48;328.5;328.5;328.5;328.5;265.25;0;174.9;3.58705;-0.0345038;0.000155392;-2.62E-07;152242;-1860.28;8.52318;-0.0173543;1.33E-05;-69;-40;-4;62;96;114;110;93;59;2;-43;-80;0;264.924;0.00226935;3.02E-07;-1.66E-10;1.76E-14;0;0;0;0;0;0;0;0;0;0;0;0;0;0;0;0;0;0;0;0;0;0;0;0;0;0;0;0;0;0;2;37;67;61;1;0;0;0;0;0;0;0;0;0;0;0;0;0;0;0;0;0;0;0;0
118;QUEBRA QUEIX;2;2;-1;1;0;118;120;0.009025;114;3;0.561;4.831;111;137;544;549;544;549;426.7;100;503.945;0.541329;-0.00196869;3.09E-06;0;-28922;162.803;-0.305614;0.000191339;0;11;32;58;78;78;65;49;34;14;-14;-18;-10;0;426.018;0.00826886;-2.41E-05;3.49E-08;-1.81E-11;0;0;0;0;0;0;0;0;0;0;0;0;0;0;0;0;0;0;0;0;0;0;0;0;0;0;0;0;0;0;3;40;38;117.7;1;0;0;0;0;0;0;0;0;0;0;0;0;0;0;0;0;0;0;0;0
119;SAO JOSE    ;2;2;120;1;1;119;51;0.008731;288;20;2.357;4.665;186.33;186.33;154.67;154.67;154.67;154.67;131.35;0;154.67;0;0;0;0;23.46;0;0;0;0;-5;21;57;81;95;82;66;44;13;-19;-34;-21;0;130.664;0.00229069;-2.35E-07;1.86E-11;-5.69E-16;0;0;0;0;0;0;0;0;0;0;0;0;0;0;0;0;0;0;0;0;0;0;0;0;0;0;0;0;0;0;2;25.5;144;20.26;2;0;0;0;0;0;0;0;0;0;0;0;0;0;0;0;0;0;0;0;0
120;PASSO S JOAO;2;2;-1;1;1;120;77;0.009064;326;21;2.59;4.959;102.4;102.4;128.35;128.35;128.35;128.35;99.02;0;118.571;0.186156;-0.00127874;3.84E-06;0;-303.484;2.525;-1.42E-14;0;0;-28;-2;38;75;99;94;86;69;35;-7;-28;-35;0;97.5507;0.00621425;-5.32E-06;3.54E-09;-9.31E-13;0;0;0;0;0;0;0;0;0;0;0;0;0;0;0;0;0;0;0;0;0;0;0;0;0;0;0;0;0;0;2;38.5;163;26;2;0;0;0;0;0;0;0;0;0;0;0;0;0;0;0;0;0;0;0;0
121;FOZ CHAPECO ;2;2;-1;1;1;121;855;0.009092;1888;79;0.667;4.159;1427.5;1501.8;264;265;264;265;212.83;0;244.787;0.0134591;-1.93E-10;8.46E-14;-1.39E-17;193878;-3079.19;18.3181;-0.0483983;4.80E-05;-74;-43;-11;57;91;114;107;90;58;-1;-48;-85;0;210.708;0.00154505;-1.59E-07;1.22E-11;-3.69E-16;0;0;0;0;0;0;0;0;0;0;0;0;0;0;0;0;0;0;0;0;0;0;0;0;0;0;0;0;0;0;4;213.75;472;49.8;1;0;0;0;0;0;0;0;0;0;0;0;0;0;0;0;0;0;0;0;0
122;CASTRO ALVES;2;1;123;1;1;122;129.999;0.009025;159;3;0.435;4.528;87;92;239;240;239;240;148;0;209.603;0.569508;-0.00410112;2.01E-05;-4.01E-08;494493;-8321.04;52.4957;-0.14716;0.000154667;-68;-43;3;63;101;110;109;94;49;-1;-44;-84;0;136.528;0.0212832;-3.41E-05;2.88E-08;-9.14E-12;0;0;0;0;0;0;0;0;0;0;0;0;0;0;0;0;0;0;0;0;0;0;0;0;0;0;0;0;0;0;3;43.333;53;91;2;0;0;0;0;0;0;0;0;0;0;0;0;0;0;0;0;0;0;0;0
123;MONTE CLARO ;2;1;124;1;1;123;130;0.009025;372;8;0.248;7.379;10.1;11.28;147;148;147;148;104;0;135.775;1.4997;-0.0486318;0.00108676;-1.04E-05;-7277.61;193.405;-1.92385;0.00848667;-1.40E-05;0;24;64;81;84;66;49;30;5;-23;-32;-30;0;105.125;0.00367275;-3.30E-07;2.04E-11;-4.99E-16;0;0;0;0;0;0;0;0;0;0;0;0;0;0;0;0;0;0;0;0;0;0;0;0;0;0;0;0;0;0;2;65;186;38.8;2;0;0;0;0;0;0;0;0;0;0;0;0;0;0;0;0;0;0;0;0
124;14 DE JULHO ;2;1;-1;1;1;124;100;0.009083;340;8;0.094;5.284;49.31;55;103;104;103;104;70.5;0;79.667;0.984767;-0.0149511;0.000118964;-3.55E-07;-1347.13;56.1498;-0.87352;0.00600057;-1.53E-05;1;25;64;81;84;67;49;30;4;-24;-31;-31;0;67.4415;0.00502054;-1.12E-06;1.44E-10;-6.93E-15;0;0;0;0;0;0;0;0;0;0;0;0;0;0;0;0;0;0;0;0;0;0;0;0;0;0;0;0;0;0;2;50;170;32.4;2;0;0;0;0;0;0;0;0;0;0;0;0;0;0;0;0;0;0;0;0
125;ERNESTINA   ;2;1;126;1;0;125;0;0;0;1;0;0;21;259;482.5;489.5;482.5;489.5;457.35;100;480.611;0.10626;-0.000703562;2.59E-06;-3.67E-09;54770;-229.748;0.240937;0;0;-20;9;52;82;96;84;71;52;20;-16;-33;-53;0;457.35;0;0;0;0;0;0;0;0;0;0;0;0;0;0;0;0;0;0;0;0;0;0;0;0;0;0;0;0;0;0;0;0;0;0;0;0;0;0;0;0;0;0;0;0;0;0;0;0;0;0;0;0;0;0;0;0;0;0;0
126;PASSO REAL  ;2;1;127;1;0;126;158;0.009221;466;12;0.805;4.253;289;3646;300;327;300;327;279.3;90.2;293.938;0.0239738;-9.65E-06;2.30E-09;-2.12E-13;32399;-297.181;0.888556;-0.000858225;0;-68;-41;5;69;109;121;115;100;54;-1;-43;-92;0;277.8;0.00554586;-1.64E-06;2.81E-10;-1.68E-14;0;0;0;0;0;0;0;0;0;0;0;0;0;0;0;0;0;0;0;0;0;0;0;0;0;0;0;0;0;0;1;82;242;36.8;2;1;76;224;36.8;2;0;0;0;0;0;0;0;0;0;0;0;0;0;0;0
127;JACUI       ;2;1;128;1;1;127;180;0.008731;234;12;0.947;2.878;29;29;279.89;279.89;279.89;279.89;182.37;0;279.89;0;0;0;0;4.8;0;0;0;0;-5;21;61;86;93;76;60;41;9;-21;-34;-45;0;181.37;0.00557208;-1.61E-06;2.84E-10;-1.81E-14;0;0;0;0;0;0;0;0;0;0;0;0;0;0;0;0;0;0;0;0;0;0;0;0;0;0;0;0;0;0;6;30;39;89;1;0;0;0;0;0;0;0;0;0;0;0;0;0;0;0;0;0;0;0;0
128;ITAUBA      ;2;1;129;1;1;128;500;0.009221;620;15;0.425;2.036;620;620;184;184;184;184;92.7;0;184;0;0;0;0;17;0;0;0;0;-70;-44;3;68;108;119;113;98;49;-5;-51;-89;0;91.92;0.00544788;-1.46E-06;1.93E-10;-9.65E-15;0;0;0;0;0;0;0;0;0;0;0;0;0;0;0;0;0;0;0;0;0;0;0;0;0;0;0;0;0;0;4;125;155;87.5;1;0;0;0;0;0;0;0;0;0;0;0;0;0;0;0;0;0;0;0;0
129;D. FRANCISCA;2;1;-1;1;1;129;125;0.008633;376;21;0.518;2.587;330;330;94.5;94.5;94.5;94.5;54.35;0;94.5;0;0;0;0;18.9;0;0;0;0;-73;-48;1;66;109;118;112;95;45;-10;-56;-88;0;53.3325;0.00481084;-2.40E-06;8.99E-10;-1.26E-13;0;0;0;0;0;0;0;0;0;0;0;0;0;0;0;0;0;0;0;0;0;0;0;0;0;0;0;0;0;0;2;62.5;188;38.5;1;0;0;0;0;0;0;0;0;0;0;0;0;0;0;0;0;0;0;0;0
130;G.P. SOUZA  ;2;3;-1;1;0;130;260;0.008829;40;7;2.291;2.686;23;179;822;845;822;845;90.7;84.5;812.605;0.491744;-0.00401152;1.95E-05;-3.80E-08;9513.58;-23.2618;0.0142228;0;0;6;16;27;38;46;41;25;8;3;-10;-24;-15;0;90.7;0;0;0;0;0;0;0;0;0;0;0;0;0;0;0;0;0;0;0;0;0;0;0;0;0;0;0;0;0;0;0;0;0;0;4;65;10;714.3;3;0;0;0;0;0;0;0;0;0;0;0;0;0;0;0;0;0;0;0;0
131;SALTO PILAO ;2;3;-1;1;1;131;191.89;0.009015;110;9;0.185;4.3;0.12;0.26;318;319;318;319;112.69;0;316.622;15.2326;-37.9009;66.2593;-43.3178;1037.61;-6.53758;0.010299;0;0;20;14;19;22;22;17;15;20;18;10;15;20;0;111.89;0.0069696;-7.06E-06;5.41E-09;-1.54E-12;0;0;0;0;0;0;0;0;0;0;0;0;0;0;0;0;0;0;0;0;0;0;0;0;0;0;0;0;0;0;2;95.945;55;194;1;0;0;0;0;0;0;0;0;0;0;0;0;0;0;0;0;0;0;0;0
132;JORDAO      ;2;4;134;1;0;132;0;0;0;15;0;0;85;110;602;610;602;610;602;100;574.8;0.32;0;0;0;1;0;0;0;0;9;28;54;75;75;64;45;32;15;-12;-14;-1;0;602;0;0;0;0;0;0;0;0;0;0;0;0;0;0;0;0;0;0;0;0;0;0;0;0;0;0;0;0;0;0;0;0;0;0;0;0;0;0;0;0;0;0;0;0;0;0;0;0;0;0;0;0;0;0;0;0;0;0;0
133;SEGREDO     ;2;4;134;1;0;133;1260;0.009026;1268;94;0.569;6.061;2562;2950;602;607;602;607;490;100;552.545;0.0246922;-2.10E-06;0;0;-586.13;0.801997;0.000488253;0;0;6;26;54;76;77;67;47;34;15;-13;-16;-5;0;490.039;6.08E-05;2.92E-07;-2.32E-11;4.56E-16;0;0;0;0;0;0;0;0;0;0;0;0;0;0;0;0;0;0;0;0;0;0;0;0;0;0;0;0;0;0;4;315;317;110;1;0;0;0;0;0;0;0;0;0;0;0;0;0;0;0;0;0;0;0;0
134;SLT.SANTIAGO;2;4;135;1;0;134;1420;0.008829;1576;116;3.282;4.724;2662;6775;481;506;481;506;397.46;99;447.732;0.0182332;-2.87E-06;3.00E-10;-1.27E-14;-9865.2;54.4319;-0.0916318;2.07E-05;5.05E-08;8;27;54;76;79;67;47;33;18;-12;-17;-6;0;394.416;0.00211101;-7.92E-08;2.35E-12;-2.71E-17;0;0;0;0;0;0;0;0;0;0;0;0;0;0;0;0;0;0;0;0;0;0;0;0;0;0;0;0;0;0;4;355;394;102;1;0;0;0;0;0;0;0;0;0;0;0;0;0;0;0;0;0;0;0;0
135;SALTO OSORIO;2;4;136;1;1;135;1078;0.008829;1784;119;0.406;3.749;1124;1124;397;397;397;397;324;0;397;0;0;0;0;56;0;0;0;0;9;27;51;69;75;63;43;30;18;-15;-19;-8;0;321.837;0.00228099;-1.40E-07;3.84E-12;-5.36E-17;0;0;0;0;0;0;0;0;0;0;0;0;0;0;0;0;0;0;0;0;0;0;0;0;0;0;0;0;0;0;4;182;301;68.4;1;2;175;290;68.4;1;0;0;0;0;0;0;0;0;0;0;0;0;0;0;0
136;SALTO CAXIAS;2;4;109;1;1;136;1240;0.009026;2100;148;0.211;3.954;3573;3573;325;325;325;325;258.7;0;325;0;0;0;0;141.43;0;0;0;0;5;26;49;65;72;61;41;30;17;-18;-26;-15;0;257.92;0.000620838;-1.72E-08;2.28E-13;1.22E-20;0;0;0;0;0;0;0;0;0;0;0;0;0;0;0;0;0;0;0;0;0;0;0;0;0;0;0;0;0;0;4;310;525;65.4;1;0;0;0;0;0;0;0;0;0;0;0;0;0;0;0;0;0;0;0;0
137;SOBRADINHO  ;3;15;138;1;0;137;1050;0.009023;4278;427;2.193;7.578;5447;34116;380.5;392.5;380.5;392.5;362.5;1.96;374.179;0.00139669;-5.35E-08;1.16E-12;-9.55E-18;-503710;4913.79;-8.96689;-0.0189169;4.65E-05;171;109;61;56;108;104;165;203;234;267;245;223;0;359.654;0.00196401;-2.97E-07;2.51E-11;-7.70E-16;0;0;0;0;0;0;0;0;0;0;0;0;0;0;0;0;0;0;0;0;0;0;0;0;0;0;0;0;0;0;6;175;713;27.2;2;0;0;0;0;0;0;0;0;0;0;0;0;0;0;0;0;0;0;0;0
138;ITAPARICA   ;3;15;139;1;0;138;1479.6;0.008931;3264;501;3.15;4.328;7234;10782;299;304;299;304;251.5;12.56;275.813;0.00676489;-8.87E-07;7.07E-11;-2.24E-15;-199695;1822.24;-4.4357;-0.00191761;1.29E-05;163;88;47;35;55;41;81;138;190;227;235;202;0;251.5;0;0;0;0;0;0;0;0;0;0;0;0;0;0;0;0;0;0;0;0;0;0;0;0;0;0;0;0;0;0;0;0;0;0;6;246.6;544;50.8;1;0;0;0;0;0;0;0;0;0;0;0;0;0;0;0;0;0;0;0;0
139;COMP PAF-MOX;3;15;140;1;1;139;4279.6;0.009035;4199;501;1.692;17.309;1226;1226;251.5;251.5;251.5;251.5;138;0;251.5;0;0;0;0;213;0;0;0;0;163;88;47;35;55;41;81;138;190;227;235;202;0;138;0;0;0;0;0;0;0;0;0;0;0;0;0;0;0;0;0;0;0;0;0;0;0;0;0;0;0;0;0;0;0;0;0;0;1;4279.6;4199;112.8;1;0;0;0;0;0;0;0;0;0;0;0;0;0;0;0;0;0;0;0;0
140;XINGO       ;3;15;-1;1;1;140;3162;0.009119;2976;501;3.152;1.864;3800;3800;138;138;138;138;16.96;0;138;0;0;0;0;60;0;0;0;0;163;88;47;35;55;41;81;138;190;227;235;202;0;10.0386;0.00666546;-2.45E-06;4.56E-10;-3.14E-14;0;0;0;0;0;0;0;0;0;0;0;0;0;0;0;0;0;0;0;0;0;0;0;0;0;0;0;0;0;0;6;527;496;116.4;1;0;0;0;0;0;0;0;0;0;0;0;0;0;0;0;0;0;0;0;0
141;ITAPEBI     ;3;14;-1;1;1;141;462.011;0.009123;660;24;0.264;4.051;1634;1634;110;110;110;110;29.68;0;110;0;0;0;0;61.58;0;0;0;0;-43;-25;-10;25;54;66;74;65;50;14;-20;-30;0;26.8992;0.00532287;-2.76E-06;7.56E-10;-7.29E-14;0;0;0;0;0;0;0;0;0;0;0;0;0;0;0;0;0;0;0;0;0;0;0;0;0;0;0;0;0;0;1;153.945;220;76.7;1;1;154.018;220;76.7;1;1;154.048;220;76.7;1;0;0;0;0;0;0;0;0;0;0
142;P. CAVALO   ;3;14;-1;1;0;142;160;0.008829;180;6;0.36;5.471;2192;3072;106;114;106;114;5;69.93;65.9031;0.0300382;-7.56E-06;1.17E-09;-7.57E-14;19907.1;-759.44;10.8417;-0.0686344;0.000163298;-31;-14;10;45;65;75;78;61;39;0;-18;-33;0;4.14481;0.00554267;-5.10E-06;2.87E-09;-6.08E-13;0;0;0;0;0;0;0;0;0;0;0;0;0;0;0;0;0;0;0;0;0;0;0;0;0;0;0;0;0;0;2;80;90;100.15;1;0;0;0;0;0;0;0;0;0;0;0;0;0;0;0;0;0;0;0;0
143;B. ESPERANCA;3;16;-1;1;0;143;237.3;0.009035;624;173;0.239;13.356;3173;5085;298;304;298;304;260;7.84;282.034;0.00668066;-6.29E-07;3.69E-11;-7.80E-16;-540.594;-11.2572;0.149232;-0.000670268;1.10E-06;60;60;64;48;45;55;83;95;94;86;56;60;0;258.343;0.00294304;0;0;0;0;0;0;0;0;0;0;0;0;0;0;0;0;0;0;0;0;0;0;0;0;0;0;0;0;0;0;0;0;0;2;55;145;42.1;1;2;63.65;167;42.1;1;0;0;0;0;0;0;0;0;0;0;0;0;0;0;0
144;CACH.CALDEIR;4;20;148;0;1;144;219;0.009037;1641;43;2.533;8.091;230.56;230.56;58.3;58.3;58.3;58.3;42.43;0;47.4398;0.0954888;-0.00033629;6.81E-07;-5.74E-10;15566.4;-1282.55;39.5061;-0.539732;0.00276373;51;38;25;8;-11;-21;-20;-21;-10;9;30;43;0;42.1253;9.90E-05;1.06E-07;-7.85E-12;-9.91E-16;0;0;0;0;0;0;0;0;0;0;0;0;0;0;0;0;0;0;0;0;0;0;0;0;0;0;0;0;0;0;3;73;547;14.77;2;0;0;0;0;0;0;0;0;0;0;0;0;0;0;0;0;0;0;0;0
145;ESTREITO TOC;4;17;146;1;1;145;1087;0.009133;6280;585;1.92;6.099;5400;5400;156;156;156;156;133.4;0;156;0;0;0;0;590;0;0;0;0;12;5;4;-2;2;29;52;72;75;69;41;29;0;126.71;0.00218368;-1.39E-07;4.76E-12;-6.14E-17;0;0;0;0;0;0;0;0;0;0;0;0;0;0;0;0;0;0;0;0;0;0;0;0;0;0;0;0;0;0;8;135.875;785;18.94;2;0;0;0;0;0;0;0;0;0;0;0;0;0;0;0;0;0;0;0;0
146;TUCURUI     ;4;17;-1;1;0;146;8535;0.009182;14626;1269;4.26;2.598;11293;50275;51.6;74;51.6;74;8.6;15.61;31.7844;0.00239241;-6.75E-08;1.05E-12;-6.35E-18;255002;-16257.5;385.52;-4.02947;0.0157673;12;5;4;1;-9;-17;-8;-4;22;31;41;21;0;2.67395;0.000741457;-2.22E-08;4.08E-13;-2.87E-18;0;0;0;0;0;0;0;0;0;0;0;0;0;0;0;0;0;0;0;0;0;0;0;0;0;0;0;0;0;0;2;22.5;37;65.5;1;12;350;582;65.5;1;11;390;688;61.7;1;0;0;0;0;0;0;0;0;0;0
147;BALBINA     ;4;20;-1;1;0;147;249.75;0.009035;1275;19;1.672;5.403;9711.9;20006.2;46;51;46;51;26.45;0;36.9525;0.00133928;-5.46E-08;1.45E-12;-1.55E-17;148356;-11635.1;336.714;-4.25758;0.0201873;35;31;23;19;11;4;-7;-25;-15;-6;19;33;0;22.5776;0.00752788;-4.96E-06;2.01E-09;-3.01E-13;0;0;0;0;0;0;0;0;0;0;0;0;0;0;0;0;0;0;0;0;0;0;0;0;0;0;0;0;0;0;5;49.95;255;21.7;2;0;0;0;0;0;0;0;0;0;0;0;0;0;0;0;0;0;0;0;0
148;COARACY NUNE;4;20;149;1;1;148;78;0.008927;399;43;2.079;6.3;24.57;138.8;35.14;42.14;35.14;42.14;21.86;0;30.5579;0.2514;-0.00315712;2.25E-05;-6.08E-08;-5104.13;572.772;-24.1638;0.453071;-0.00317235;60;49;38;19;-4;-20;-31;-41;-32;-9;22;46;0;21.306;-0.000183727;6.69E-06;-8.33E-09;5.26E-12;0;0;0;0;0;0;0;0;0;0;0;0;0;0;0;0;0;0;0;0;0;0;0;0;0;0;0;0;0;0;2;24;123;21.9;2;1;30;153;21.9;2;0;0;0;0;0;0;0;0;0;0;0;0;0;0;0
149;FERREIRA GOM;4;20;-1;1;1;149;252;0.009037;1602;43;2.533;8.091;137.31;137.31;21.3;21.3;21.3;21.3;3.69;0;7.65071;0.189109;-0.00113253;4.48E-06;-7.19E-09;22.7452;-4.59935;0.398357;-0.0121249;0.000142737;57;42;30;12;-8;-24;-26;-28;-16;6;30;48;0;1.76487;0.00124713;-1.47E-07;1.30E-11;-4.59E-16;0;0;0;0;0;0;0;0;0;0;0;0;0;0;0;0;0;0;0;0;0;0;0;0;0;0;0;0;0;0;3;84;534;17.4;2;0;0;0;0;0;0;0;0;0;0;0;0;0;0;0;0;0;0;0;0
150;STO ANT JARI;4;20;-1;1;1;150;369.999;0.009094;1668;33;2.533;8.091;104.61;133.39;29.1;30;29.1;30;3.65;0;13.9249;0.359469;-0.00345012;1.64E-05;-3.01E-08;-51560.3;5115.73;-169.2;1.86667;0;48;41;38;17;-9;-21;-27;-34;-23;-12;18;29;0;1.51222;0.00144144;1.71E-08;-1.06E-11;5.90E-16;0;0;0;0;0;0;0;0;0;0;0;0;0;0;0;0;0;0;0;0;0;0;0;0;0;0;0;0;0;0;3;123.333;556;24.4;2;0;0;0;0;0;0;0;0;0;0;0;0;0;0;0;0;0;0;0;0
151;BELO MONTE C;4;18;-1;1;1;151;233.1;0.00877;2466;700;1.672;5.403;4802.3;4802.3;97;97;97;97;83.59;0;77.3757;0.00935808;-2.10E-06;2.79E-10;-1.47E-14;203665;-9269.56;157.843;-1.19384;0.00339366;0;0;0;0;0;0;0;0;0;0;0;0;0;81.8954;0.000738778;-4.66E-08;1.80E-12;-2.49E-17;0;0;0;0;0;0;0;0;0;0;0;0;0;0;0;0;0;0;0;0;0;0;0;0;0;0;0;0;0;0;6;38.85;411;10.79;2;0;0;0;0;0;0;0;0;0;0;0;0;0;0;0;0;0;0;0;0
152;CURUA-UNA   ;4;20;-1;1;0;152;30;0.008633;186;45;1.53;5.272;130;530;61;68;61;68;47.3;8.2;58.6124;0.0179579;4.96E-06;-1.51E-08;9.25E-12;-529.83;9.34808;-0.00602056;0;0;22;10;10;3;-8;-6;-11;-9;5;32;49;47;0;44.6592;0.014619;-8.41E-06;0;0;0;0;0;0;0;0;0;0;0;0;0;0;0;0;0;0;0;0;0;0;0;0;0;0;0;0;0;0;0;0;3;10;62;18.7;2;0;0;0;0;0;0;0;0;0;0;0;0;0;0;0;0;0;0;0;0
153;BELO MONTE  ;4;18;-1;0;1;153;11000;0.009074;13950;0;2.917;0;4802.3;4802.3;97;97;97;97;5.86;0;77.3757;0.00935808;-2.10E-06;2.79E-10;-1.47E-14;203665;-9269.56;157.843;-1.19384;0.00339366;20;17;8;1;-8;-13;-20;-20;-4;18;41;34;0;2.8393;0.000110578;9.49E-09;-3.61E-13;3.89E-18;0;0;0;0;0;0;0;0;0;0;0;0;0;0;0;0;0;0;0;0;0;0;0;0;0;0;0;0;0;0;18;611.111;775;86.9;1;0;0;0;0;0;0;0;0;0;0;0;0;0;0;0;0;0;0;0;0
FIM;;;;;;;;;;;;;;;;;;;;;;;;;;;;;;;;;;;;;;;;;;;;;;;;;;;;;;;;;;;;;;;;;;;;;;;;;;;;;;;;;;;;;;;;;;;;;;;;;;;;;;;;
